Plant #,Quattra Reference,Plant Description,Job Id,Project Details,"DW Notes / 
Repair required",Estimated Date to Finish Best Case,Estimated Date to Finish Worst Case,Job State,Assigned Contractor,Updated Comments,Owner,Date Created,Days Opened,Date Edited,Priority
1369R,,4 Axle Tipper Trailer,,,replace grainlocks,,,Open,Quattra,12/3/18 out standing (P.G.ROSE),Dempsey Wood Civil,12/01/2018,105,,
1369R,,Mitsubishi Fuso Truck & Trailer,9415,Transport,seal tailgate,,,Open,Quattra,,Dempsey Wood Civil,14/03/2018,,,
1369R,p6538,Mitsubishi Fuso Truck & Trailer,9415,Transport,gps,,,Open,Quattra,,Dempsey Wood Civil,20/04/2018,,,
222C,A5745,Scraper,9524,The Landings,Service (Reported again 19/04/18),,,Completed,Quattra,,,,,,
222C,A5787,Wabco,9524,The Landings,Oil Leaks,,,Open,Ash,DW yard for repairs,,,,,
222C,A5873,,9524,The Landings,Light,,,Completed,Quattra,,,,,,
222C,,,9524,The Landings,front right hub still in progress ,,,Open,Quattra,,,,,,
222RR,,wABCO,9524,The Landings,No window wiper (Mechanic said wasnt a major),,,Open,Quattra,,,19/04/2018,,,
252J,,Wabco 252 Scraper JesseJames,9516,Donegal Glen,Rear engine has done a piston - engine to be swapped out,,,Completed,Quattra,,Dempsey Wood Civil,19/03/2018,,26/03/2018,
252L,A5709,Wabco 252L,,,Oil Leaks,,,Completed,Ash,,,,,,
252M,9468,Wabco 252 Scraper Maverick,9468,Sunnyheights,service due,,,Completed,DW Fleet Team,,Dempsey Wood Civil,1/03/2018,57,,
311MY,,Waterblaster trailer,9515,Scott Road,Bent Jockey Wheel,,,Open,DW Fleet Team,not on site 11/04/2018,Dempsey Wood Civil,8/03/2018,50,,
623/2,,Cat 623G Scraper Texas Blue,9486,Auranga Stage 1 Earthworks,Serv code showing Reported again27/04/18,,,Open,Quattra,winter work,Dempsey Wood Civil,5/04/2018,,,
623/2,,Cat 623G Scraper Texas Blue,9486,Auranga Stage 1 Earthworks,elevator gear box leaking Reported again 2704/18,,,Open,Quattra,winter work,Dempsey Wood Civil,5/04/2018,,,
623/2,,Cat 623G Scraper Texas Blue,9486,Auranga Stage 1 Earthworks,leaking from belly plate underneath steps Reported again2704/18,,,Open,Quattra,winter work,Dempsey Wood Civil,12/04/2018,,,
623/2,,Cat 623G Scraper Texas Blue,9486,Auranga Stage 1 Earthworks,"hand control playing up will lock out bowl ""up and down"" then come right",,,Open,Quattra,,Dempsey Wood Civil,12/04/2018,,,
623/2,A5803,Cat,9486,Auranga Stage 1 Earthworks,Service,,,Completed,Quattra,,,,,,
623/3,A2693,Cat 623G Scraper Arizona-GPS,9524,The Landings,BACK ELEVATOR PADDLE CRACKED (Reported again 21/12/17))(Reported again 31/01/18),,,Completed,Quattra,,Dempsey Wood Civil,1/12/2017,147,19/02/32018,Level 3
623/3,,Cat 623G Scraper Arizona-GPS,9524,The Landings,elevator chains need tightening Reported again 22/03/18,,,Open,Quattra,,Dempsey Wood Civil,15/03/2018,,,
623/3,A5715,Cat 623G Scraper Arizona-GPS,9524,The Landings,Cutting edge getting low,,,Open,Quattra,,Dempsey Wood Civil,15/03/2018,,,
623/3,,Cat 623G Scraper Arizona-GPS,9524,The Landings,Elevator stops on its own,,,Open,Quattra,19/3/18 Intermittant fault causing elevator to stop  P.G Rose,Dempsey Wood Civil,15/03/2018,,,
623/3,,Cat 623G Scraper Arizona-GPS,9524,The Landings,needs tints for safety reasons,,,Open,DW Fleet Team,,Dempsey Wood Civil,15/03/2018,,,
6233F,A5857,Cat 623F Scraper - Indy,9468,Sunny Heights Development,Welders,,,Completed,Quattra,,,,,23/04/2018,
623F,A2627,Cat 623F Scraper - Indy,9468,Sunny Heights Development,CUTTING EDGE,,,Completed,Quattra,,Dempsey Wood Civil,1/02/2018,85,8/02/2018,
623F,,Cat 623F Scraper - Indy,9468,Sunny Heights Development,hydraulic leaks/hydro trans breather leaks - 15/02/18,,,Open,Quattra,12/3/18 out standing (P.G.ROSE),Dempsey Wood Civil,25/01/2018,92,,Level 3
623F,,Cat 623F Scraper - Indy,9468,Sunny Heights Development,reported by Quattra after service 14.01.18 - CUSHION LEVER SEAL LEAKING,,,On hold,Quattra,winter work,Dempsey Wood Civil,22/01/2018,95,,Level 3
623F,,Cat 623F Scraper - Indy,9468,Sunny Heights Development,1 x Grease nipple on goose neck broken,,,Open,Quattra,12/3/18 out standing (P.G.ROSE),Dempsey Wood Civil,12/01/2018,105,,Level 3
623F,,Cat 623F Scraper - Indy,9468,Sunny Heights Development,grease line broken- rail holding grease lines behind ejector bracket broken-15/02/18,,,Open,Quattra,hydraulink sorting this out .these lines were fitted by Kurt and have come loose,Dempsey Wood Civil,12/01/2018,105,,Level 4
623F,A5857,Cat 623F Scraper - Indy,9468,Sunny Heights Development,hand rail at back has been damaged-15/02/18,,,Completed,DW Fleet Team,12/3/18 out standing (P.G.ROSE),Dempsey Wood Civil,14/12/2017,134,18/04/2018,Level 2
A30,,Volvo 6x6 Dumper,9524,The Landing,air con)(Reported again 19/04/18),,,In progress,DW Fleet Team,Major repair. Quote to come from air con guy-Quote sent to Max 26/03/18 - photos of machine requested - quote with photo resent to Max 27/03/18 - awaiting confirmation from Max.Resent to Max 09/04/18 ,Dempsey Wood Civil,14/12/2017,134,15/03/2018,Level 3
A30,,Volvo 6x6 Dumper,9524,The Landings,Service Due,,,Open,Quattra,,Dempsey Wood Civil,19/04/2018,,,
A30,A5911,Volvo 6x6 Dumper,9524,The Landings,Wires,,,Open,Swifty,,Dempsey Wood,20/04/2018,,,
A35,A5799,Volvo Dump Truck,9568,Sunnyheights,Service Due Reported again 29/03/18,,,Completed,Quattra,Next service due : 4271,Dempsey Wood,15/03/2018,,17/04/2018,
A35,A5799,Volvo Dump Truck,9568,Sunnyheights,blocked grease pipes,,,Completed,Quattra,,Dempsey Wood,29/03/2018,,13/04/2018,
A35,,Volvo Dump Truck,9568,Sunnyheights,Lower step missing,,,Open,Quattra,,Dempsey Wood,29/03/2018,,,
A35,,Volvo Dump Truck,9568,Sunnyheights,Guard rail missing,,,Open,Quattra,,Dempsey Wood,29/03/2018,,12/04/2018,
A35,,Volvo Dump Truck,9568,Sunnyheights,Speedo not working,,,Open,Quattra,,Dempsey Wood,29/03/2018,,,
A35,A5799,Volvo Dump Truck,9568,Sunnyheights,hydraulic leak  ,,,Completed,Quattra,,Dempsey Wood,29/03/2018,,13/04/2018,
A35,,Volvo Dump Truck,9568,Sunnyheights,Seat needs repair,,,Open,Quattra,,Dempsey Wood,19/04/2018,,,
A35,,Volvo Dump Truck,9568,Sunnyheights,Mirrors rusted no stable,,,Open,Quattra,,Dempsey Wood,29/03/2018,,,
A35,,Volvo Dump Truck,9568,Sunnyheights,handbrake doesnt work,,,Open,Quattra,,Dempsey Wood,27/04/2018,,,
A35,A5791,Volvo,9568,Sunnyheights,Fault Code,,,Open,Ash,,Dempsey Wood,9/04/2018,,,
AC01,A5861,,9568,Sunnyheights,Throttle Cable,,,Open,Quattra,,Dempsey Wood,16/04/2018,,,
AC01,A5923,Lifan,9568,Sunnyheights,Service,,,Open,Quattra,,Dempsey Wood,21/04/2018,,,
AC01,A5967,Lifan,9568,Sunnyheights,Service,,,Open,Quattra,,Dempsey Wood,21/04/2018,,,
AC05,A5928,hONDA,,,service,,,Open,Quattra,,,21/04/2018,,,
AC05,A5948,hONDA,,,Fuel Leak,,,Open,Quattra,,,23/04/2018,,,
AC07,,Air Command AC17P/1 Air C,9519,bREMNER,sERVICE,,,Open,Quattra,,Dempsey Wood,19/04/2018,,,
AC65,,Compressor,9513,Beachlands Stage 5,Service due,,,Open,Quattra,,dempsey wood,19/04/2018,,,
AC11,A5958,Compressor,,,Service,,,Open,Quattra,q,dempsey wood,24/04/,,,
ADJ574,P6510,,MAINT,Niel park drive,radiator,,,Open,Quattra,,,11/04/2018,,,
ADJ831,P6533,Mack Quantam Transporter,TRUCKS,Transport,adjust brakes,,,Open,Quattra,in at quattra ,Dempsey Wood Civil,1/02/2018,85,,Level 3
ADJ831,,Mack Quantam Transporter,TRUCKS,Transport,adjust clutch,,,Completed,Quattra,in at quattra ,Dempsey Wood Civil,1/02/2018,85,,Level 3
ADJ831,,Mack Quantam Transporter,TRUCKS,Transport,LH door not locking,,,Open,Quattra,in at quattra ,Dempsey Wood Civil,1/02/2018,85,,Level 2
ADJ831,,Mack Quantam Transporter,TRUCKS,Transport,dropping out of 2nd and 4th gear,,,Completed,Quattra,Driven can not fault,Dempsey Wood Civil,25/08/2017,245,,Level 4
ADJ831,,Mack Quantam Transporter,TRUCKS,Transport,fuel gauge not working,,,Open,Quattra,in at qauttra ,Dempsey Wood Civil,25/08/2017,245,,Level 3
AEK576,P6521,Mitsubishi,,,COF,,,Open,Quattra,,,13/04/2018,,,
AEK576,P6536,Mitsubishi,,,Engine oil and mudflap,,,Open,Quattra,,,13/04/2018,,,
AQR546,,Holden Rodeo,9516,Donegal Glen -Leomar 021924049,Broken Canopy Hinges (Reported again 27/04/18) tied up,,,Open,DW Fleet Team,in yard 6/3/18 ,Dempsey Wood Civil,26/02/2018,60,,
ASD639,,Mitsubishi Fuso Truck & Trailer,9415,Transport,02/03 - odometer not working,,,Open,Quattra,in at quattra ,Dempsey Wood Civil,2/03/2018,56,,
ASD639,,Mitsubishi Shogun Truck,TRUCKS,Transport,fix air conditioning,,,In progress,Quattra,Given to Payless Auto,Dempsey Wood Civil,12/01/2018,105,6/03/2018,Level 2
BBS997,,Mitsubishi Shogun Truck,9415,Transport,14/03 - check shock absorbers on truck,,,Open,Quattra,,Dempsey Wood Civil,14/03/2018,,,
BBS997,P6539,Mitsubishi Shogun Truck,9415,Transport,Air leak,,,Open,Quattra,,Dempsey Wood Civil,20/04/2018,,,
BC01,A5874,Bobcat S185 Skid,9524,The Landing,Left rear light not working,,,Completed,Quattra,16/04/2018 sparky Mark,Dempsey Wood Civil,12/04/2018,,17/04/2018,
BC01,A5874,,9524,The Landing,reversing sound not working,,,Completed,Quattra,16/04/2018 sparky Mark,Dempsey Wood Civil,12/04/2018,,17/04/2018,
BC02,,Bobcat,9523,Avanda Tier 1 Roads,plant number needed,,,Completed,DW Fleet Team,Patrick to sort out,Dempsey Wood Civil,22/01/2018,95,,Level 2
BC02,A5724,Bobcat,9523,Avanda Tier 1 Roads,Service & Steering,,,Completed,DW Fleet Team,AB Equipment,,4/04/2018,,,
BC03,,Bobcat,9511,Sunnynook,Has condensation inside back camera (reported again 19/04/18),,,Open,DW Fleet Team,,Dempsey Wood,29/03/2018,,,
BJG415,,Ford Courier,9468,Sunnyheights  - Contact Cameron 021307200,Fuel gauge not working Reported again19/04/18,,,Open,Quattra,,Dempsey Wood,22/03/2018,,,
BJG415,,Ford Courier,9468,Sunnyheights  - Contact Cameron 021307200,Bottom radiator hose fell off. Have put back on but hose clip is shit need a better hose clip,,,Open,Quattra,,Dempsey Wood,19/04/2018,,,
BJG415,,Ford Courier,9468,Sunnyheights  - Contact Cameron 021307200,creaking sound in front left wheel,,,Open,Quattra,,Dempsey Wood,22/03/2018,,,
BMK730,P6542,Ford Courier - ,9468,Sunnyheights - Mack Connor 0211926154,Headlight not working/indicator not working,,,Open,Quattra,,Dempsey Wood,19/04/2018,,,
BWC397,,Toyota Hilix,9485,Fred Taylor - Eoin 0211940870,Temp guage went high - had to top up with water ?? using water,,,Open,Quattra,,Dempsey Wood,27/04/2018,,,
BZC799,,Ford Transit,MAINT,Neil Park Drive,Windscreen panelneeds to be fixed - 08/03,,,Open,,With Quattra,Dempsey Wood Civil,1/03/2018,57,,
BZC799,P6505,Ford Transit,MAINT,Neil Park Drive,cant lock at night. electrical fault,,,Open,Quattra,10/04/18 email mark to have this taken care off,Dempsey Wood Civil,29/03/2018,29,,
BZC799,p6526,Ford Transit,MAINT,Neil Park Drive,charging,,,Open,Quattra,,Dempsey Wood Civil,16/04/2018,11,,
BZP180,,Water Cart,9513,Beachlands Stage 5 - Robert 021908273,window wiper handle broken on drivers side,,,Open,Quattra,COF 28/2 waiting for replacment water cart for site and then can be spent for cof . kevin R  (P.G.ROSE),Dempsey Wood Civil,14/12/2017,134,,
BZP180,,Water Cart,9513,Beachlands Stage 5 - Robert 021908273,front scuff panel on exterior drivers side is falling off,,,Open,Quattra,fix when in for cof ,Dempsey Wood Civil,14/12/2017,134,16/02/2018,
BZP180,,Water Cart,9513,Beachlands Stage 5 - Robert 021908273,No WOf,,,Open,Quattra,,Dempsey Wood Civil,29/03/2018,,,
BZP180,,Water Cart,9513,Beachlands Stage 5 - Robert 021908273,Tipper latch rusted hard to check oil,,,Open,Quattra,,Dempsey Wood Civil,29/03/2018,,,
BZP180,,Water cart,9513,Beachlands Stage 5 - Robert 021908273,horn needs fixing again,,,Open,Quattra,,Dempsey Wod,12/04/2018,,,
BZP180,,Water cart,9513,Beachlands Stage 5 - Robert 021908273,water pump engine seized up,,,Open,Quattra,New pump will be with us on Friday morning,,24/04/2018,,,
C2,A5946,Alto CNR60 Trench Compact,,,Leg pad,,,Open,Quattra,,,23/04/2018,,,
C5,A5922,Cutting Station,9518,Muriwai Road,Hose clamp missing,,,Completed,Quattra,Hole frame been replaced by Max,Dempsey Wood Civil,1/03/2018,57,16/04/2018,
C5,A5922,Cutting Station,9518,Muriwai Road,Safety Pin missing,,,Completed,Quattra,6/3/18 not fixed (P.G.ROSE),Dempsey Wood Civil,,,16/04/2018,
C5,A5922,Cutting Station,9518,Muriwai Road,Wheel brake not working,,,Completed,Quattra,6/3/18 out standing (P.G.ROSE),Dempsey Wood Civil,,,16/04/2018,
CCW393,P6459,Ford Courier,9468,Sunnyheights - Mike Hicks 0211937611,CV inner boot left and tie rod ends need attention (Reported again 27/04/18,,,Open,Quattra,Parts at workshop waiting on driver to bring in the vehicle,Dempsey Wood,29/03/2018,,22/03/2018,
CHY374,,Isuzu Elf Box Body,9485,Fred taylor - Nasseer 0211941862,left hand side rubber clip is loose falling out needs new clips -  reported again 27/04,,,Open,Quattra,,Dempsey Wood Civil,15/03/2018,43,,Level 4
CHY374,,Isuzu Elf Box Body,9485,Fred taylor - Nasseer 0211941862,brakes need adjustment(Reported again 27/04,,,Open,Quattra,,Dempsey Wood Civil,12/01/2018,105,,Level 4
CHY374,,Isuzu Elf Box Body,9485,Fred taylor - Nasseer 0211941862,mirror loose,,,Open,Quattra,,Dempsey Wood Civil,27/04/2018,0,,Level 4
CJC845,,Toyota Hilix,9485,85 Fred Taylor Drive  - Khai 021560704,Clutch needs servicing,,,In progress,Quattra,Booked for Tuesday 20/02/2018 6/3/18 still outstanding ,Dempsey Wood Civil,15/02/2018,71,,Level 3
CJC845,,Toyota Hilix,9485,85 Fred Taylor Drive  - Khai 021560704,"back tailgate shutter doesn't lock, also missing lock on lhs of shutter)( Reported again 19/04/18)",,,In progress,DW Fleet Team, booked 20/2/18 / 6/3/18 stiil outstanding Patric to sort out ,Dempsey Wood Civil,7/12/2017,141,15/03/2018,Level 2
CJC845,P6502,,9485,85 Fred Taylor Drive  - Khai 021560704,Lights,,,Completed,Quattra,,,9/04/2018,,10/04/2018,
CJC845,,Toyota Hilix,9485,85 Fred Taylor Drive  - Khai 021560704,handbrake needs adjusting,,,Open,Quattra,,Dempsey Wood Civil,27/04/2018,0,15/03/2018,Level 2
CKW71,P6464,Nissan Navara,9516,Donegal Glen Stage 10A - Matt Reeves 021768516,Seat mount is broken/Snapped moves around,,,Completed,Quattra,27/03/2008,Dempsey Wood,22/03/2018,,4/04/2018,
Coyote,,Wabco 222 Scraper,9524,The Landing,cab heat insulation falling off,,,Open,Quattra,6/03/2018,Dempsey Wood Civil,1/02/2018,85,,Level 1
Coyote,,Wabco 222 Scraper,9524,The Landing,right rear push ram leaking,,,Open,Quattra,10/04/18 Willy notified still out of action waiting on Rosie for tool to help Ash. ,Dempsey Wood Civil,1/02/2018,85,,Level 2
Coyote,A5745,Wabco 222 Scraper,9524,The Landing,Service Due,,,Completed,Quattra,,Dempsey Wood Civil,22/03/2018,36,12/04/2018,Level 2
Coyote,A5873,Wabco 222 Scraper,9524,The Landing,Broken brake light,,,Completed,Quattra,12/04/2018 sparky,Dempsey Wood Civil,22/03/2018,36,17/04/2018,Level 2
Coyote,A5773,Wabco 222 Scraper,9524,The Landing,broken foot step,,,Completed,Quattra,,Dempsey Wood Civil,22/03/2018,36,9/04/2018,Level 2
CPW698,,Toyoto Prado,9486,bremner Rd - Andrew Mortell 021946640,Blue tooth for hands free not working property 19/04/18,,,Open,Swifty,7/3/18 outstanding,Dempsey Wood Civil,8/02/2018,78,,Level 1
CPW698,,Toyota Prado RV 4X4,9486,bremner Rd - Andrew Mortell 021946640,water coming in over drivers head from windscreen-pANELBEATER(Reported again 19/04/18),,,Open,DW Fleet Team,with Max,Dempsey Wood Civil,11/01/2018,106,,Level 2
CPW698,P6534,Toyota Prado RV 4X4,9486,bremner Rd - Andrew Mortell 021946640,Oil weeping from throttle valve - Reported again 19/04/18,,,Open,Quattra,,Dempsey Wood Civil,14//02/18,,,
CUY986,P6544,Mitsi,,,COF,,,Open,Quattra,,,24/04/2018,,,
CV03,A5735,HOnda,,,Service,,,Open,Quattra,,,4/04/2018,,,
D01,,Komatsu Bulldozer D31,9490,Hayfield,Needs Complete rewire,,,On hold,Quattra,Winter Work  ,Dempsey Wood Civil,14/02/2018,72,6/03/2018,Level 3
D03,,Komatsu D85 Dozer & Scoop,9467,West Hoe Heights,Needs internal mirror - 08/03/18,,,Open,Quattra,6/3/18 still outstanding ,Dempsey Wood Civil,1/03/2018,57,,
D03,,Komatsu D85 Dozer & Scoop,9467,West Hoe Heights,BOWL EXTREMELY SLOW TO LIFT(reported again 17/01/18) Quattra Notified Ash to complete,,,On hold,Ash,"6/3/18 hydro pump neeeds replacing do have in stock matter of finding time to do so, fault is not impairing machine working just slow to raise bowl. Ash. (P.G.ROSE)",Dempsey Wood Civil,22/09/2017,217,,Level 2
D03,,Komatsu D85 Dozer & Scoop,9467,West Hoe Heights,fan,,,On hold,Quattra,Winter Work,Dempsey Wood Civil,28/08/2017,242,,
D03,,Komatsu D85 Dozer & Scoop,9467,West Hoe Heights,cutting edge needs replacing - Quattra notified parts on order 02/02/18,,,Open,Quattra,6/3/18 still outstanding ,Dempsey Wood Civil,14/07/2017,287,,Level 3
D03,,Komatsu D85 Dozer & Scoop,9467,West Hoe Heights,No Number D03 - Patrick to organise,,,Open,DW Fleet Team,patrick to sort out ,Dempsey Wood Civil,2/02/2017,449,,Level 1
D03,,Komatsu D85 Dozer & Scoop,9467,West Hoe Heights,No track guards on one track,,,Open,Quattra,,Dempsey Wood Civil,15/03/2018,,,
D03,,Komatsu D85 Dozer & Scoop,9467,West Hoe Heights,Seat broken,,,Open,Quattra,06/04/18 spoke to Willy and advised him this was urgent. He will get Ash to look ,Dempsey Wood Civil,5/04/2018,,,
D03,,Komatsu D85 Dozer & Scoop,,,Air con not working,,,Open,DW Fleet Team,,Dempsey Wood Civil,15/03/2018,,,
D03,A5765,Komatsu,9467,West Hoe Heights,Noise,,,Open,Ash,,,6/04/2018,,,
D04,,Komatsu D155 Dozer&Scoop,9524,The Landing,Air con leaking into cab,,,Open,Quattra,16/3/18 outstanding ,dempsey Wood Civil,8/03/2018,50,,
D04,A5868,Komatsu D155 Dozer&Scoop,9524,The Landing,Service Due,,,Open,Quattra,,dempsey Wood Civil,29/03/2018,,,
D04,A5720,Komatsu D155 Dozer&Scoop,9524,The Landing,Fuel Guage doesnt work,,,Completed,Quattra,,dempsey Wood Civil,29/03/2018,,4/04/2018,
D04,,Komatsu D155 Dozer&Scoop,9524,The Landing,no door handle left hand side,27/04/2018,3/05/2018,In progress,Quattra,Parts on order from Komatsu from Japan 2 weeks away,dempsey Wood Civil,29/03/2018,,,
D04,,Komatsu D155 Dozer&Scoop,9524,The Landing,Broken grease point on scoop,,,Open,Quattra,,dempsey Wood Civil,29/03/2018,,,
D04,,Komatsu D155 Dozer&Scoop,9524,The Landing,Need handles welded on dozer to climb up tracks as pipes get too hot,,,Open,Quattra,,dempsey Wood Civil,29/03/2018,,,
D04,,Komatsu D155 Dozer&Scoop,9524,The Landing,Wipers need fixing,,,Open,Quattra,16/04/2018 sparky Mark,dempsey Wood Civil,29/03/2018,,,
D05,,Komatsu D155 Dozer&Scoop,9524,The Landing,hoses on drawbar leaking,,,Open,Quattra,16/3/18 out standing ,dempsey Wood Civil,8/03/2018,50,,
D05,,Komatsu D155a-3 Dozer & Scoop,9524,The Landing,need wipers(Reported again08/03/18,,,Open,Quattra,,Dempsey Wood Civil,1/02/2018,85,,Level 2
D05,A5982,Komatsu D155a-3 Dozer & Scoop,9524,The Landing,Pin Lock,,,Open,Quattra,,,24/04/2018,,,
D05,A5837,Komatsu D155a-3 Dozer & Scoop,9524,The Landing,service,,,Open,Quattra,,,13/04/2018,,,
D05,A5952,Komatsu D155a-3 Dozer & Scoop,9524,The Landing,"
are leaking hydraulic oil ",,,Open,Quattra,will be down for a couple of days,,24/04/2018,,,
D05,A5910,Komatsu D155a-3 Dozer & Scoop,9524,The Landing,Warning LIght  ,,,Open,Quattra,,,27/04/2018,,,
D06,,Komatsu D155 Dozer&Scoop,9524,The Landing,nooutside door handle on left hand door,27/04/2018,3/05/2018,In progress,Quattra,parts on order from Komatsu out of Japan 2 weeks away,dempsey Wood Civil,8/03/2018,50,,
D06,,Komatsu D155a-3 Dozer & Scoop,9524,The Landing,fire extinguisher needs mounting,,,Open,DW Fleet Team,7/3/18 outstanding,Dempsey Wood Civil,1/02/2018,85,,Level 3
D06,,Komatsu D155a-3 Dozer & Scoop,9524,The Landing,Weld broken step now broken off  Reported Again 27/04,,,Open,Quattra,,Dempsey Wood Civil,15/03/2018,,,
D06,A5867,Komatsu D155a-3 Dozer & Scoop,9524,The Landing,Service Reported again 27/04/18,,,Open,Quattra,,,17/04/2018,,,
D06,,Komatsu D155a-3 Dozer & Scoop,9524,The Landing,Not starting,,,Open,Quattra,,,19/04/2018,,,
D06,,Komatsu D155a-3 Dozer & Scoop,9524,The Landing,Accelerator playing up Reported Again 27/04,,,Open,Quattra,,,19/04/2018,,,
D07,,Komatsu D155 Dozer&Scoop,9524,The Landing,Broken grease point of scraper 19/04/18,,,Open,Quattra,16/3/18 out standing ,dempsey Wood Civil,8/03/2018,50,,
D07,,Komatsu D155 Dozer&Scoop,9524,The Landing,Hydraulic cylinder leak,,,,,,,,,,
D07,,Komatsu D61PX-15 6 way blade/Alby-GPS,9524,The Landing,Blade control lever faulty  19/04/18,,,Open,Quattra,9/3/18 out standing (P.G.ROSE),Dempsey Wood Civil,8/03/2018,50,,
D07,,Komatsu D61PX-15 6 way blade/Alby-GPS,9524,The Landing,broken window,,,In progress,DW Fleet Team,Glass should arrive tomorrow Ex Japan,Dempsey Wood Civil,8/12/2017,140,5/04/2018,Level 2
D07,A5876,Komatsu D61PX-15 6 way blade/Alby-GPS,9524,The Landing,VBelt  19/04/18,,,Open,Quattra,,,18/04/2018,,,
D07,,Komatsu D61PX-15 6 way blade/Alby-GPS,9524,The Landing,service overdue,,,Open,Quattra,,,19/04/2018,,,
D07,,Komatsu D61PX-15 6 way blade/Alby-GPS,9524,The Landing,Rear wiper blade,,,Open,Quattra,,,19/04/2018,,,
D08,,Komatsu D61PX-15 6 way blade/Alby-GPS,9468,Sunnyheights,Blade control lever faulty- Blade is moving around alot Reported 27/04/18,,,Open,Quattra,"losing hydraulic pressure on blade angle cylinders - need couple of hours, if cylinders have internal leakage than we have to cut base pins to remove cylinders as both base pins are seized in the frame, down time approximately 3 to 5 days-If faults are in the valve bank than we have to arrange spare parts from Komatsu but can’t give any time frame.",Dempsey Wood Civil,15/02/2018,71,,Level 3
D08,,Komatsu D61PX-15 6 way blade/Alby-GPS,9468,Sunnyheights,Hydraulic cylinder faulty,,,,Quattra,9/3/18 site reports done (P.G.ROSE),Dempsey Wood Civil,15/02/2018,71,,Level 3
D08,,Komatsu D61PX-15 6 way blade/Alby-GPS,9468,Sunnyheights,Needs headlights reported again 27/04/18,,,Open,Quattra,,Dempsey Wood Civil,19/04/2018,,18/04/2018,
D08,,Komatsu D61PX-15 6 way blade/Alby-GPS,9468,Sunnyheights,Window needs replacing Reported 19/04/18,,,Open,DW Fleet Team,,Dempsey Wood Civil,12/04/2018,15,,Level 3
D08,A5929,Komatsu D61PX-15 6 way blade/Alby-GPS,9468,Sunnyheights,Fuel Cap missing,,,Open,Quattra,,,23/04/2018,,,
D08,A5719,Komatsu D61PX-15 6 way blade/Alby-GPS,9468,Sunnyheights,Fuel Gauge,,,Open,Quattra,,,4/04/2018,,,
D09,,Komatsu D155 Dozer&Scoop,9518,Muriwai Road,Need handles welded on side of dozer to walk up tracks,,,Closed,DW Fleet Team,16/3/18 out standing ,dempsey Wood Civil,8/03/2018,50,,
D09,,Komatsu D65 - 6 way blade-GPS,9518,Muriwai Road,right track noisy and hard to turn,,,Closed,DW Fleet Team,12/3/18 site reports out standing (P.G.ROSE),Dempsey Wood Civil,1/03/2018,57,,
D09,A5905,Komatsu D65 - 6 way blade-GPS,9518,Muriwai Road,Service,,,Open,Quattra,,Dempsey Wood,20/04/2018,,,
D09,,Komatsu D65 - 6 way blade-GPS,9518,Muriwai Road,air con,,,Open,DW Fleet Team,,dempsey wood,29/03/2018,,,
D09,,Komatsu D65 - 6 way blade-GPS,9518,Muriwai Road,GPS screen missing and 1x antenna at rear,,,Closed,DW Fleet Team,,dempsey wood,5/04/2018,,,
D09,,Komatsu D65 - 6 way blade-GPS,9518,Muriwai Road,GPS looses signal alot even when working with base station in sight/close proximity,,,Closed,DW Fleet Team,,dempsey wood,5/04/2018,,,
D09,A5764,Komatsu D65 - 6 way blade-GPS,9518,Muriwai Road,KDPF System error keeps coming up on screen,,,Closed,Ash,,,,,16/04/2018,
D10,,Komatsu D155AX-3 & Scoop,9524,The Landing,oil leaks on track,,,Completed,Quattra,,Dempsey Wood Civil,8/03/2018,50,26/03/2018,
D10,,Komatsu D155AX-3 & Scoop,9524,The Landing,needs new hydraulic filter,,,Completed,Quattra,,Dempsey Wood Civil,8/03/2018,50,26/03/2018,
D10,A5769,Komatsu D155AX-3 & Scoop,9524,The Landing,Hydraulic rams,,,Open,Quattra,,,,,,
D10,,Komatsu D155AX-3 & Scoop,9524,The Landing,Warning Light flashing REPORTED AGAIN 27/40/18,,,Open,Quattra,,Dempsey wood,19/04/2018,,,
D11,,2013 Komatsu D61PX-23 Bul,9468,Sunnyheights,Service due,,,Open,Quattra,,Dempsey wood,19/04/2018,,,
D11,,2013 Komatsu D61PX-23 Bul,9468,Sunnyheights,Cant get grease into 3 points,,,Open,Quattra,,Dempsey wood,19/04/2018,,,
D11,A5972,2013 Komatsu D61PX-23 Bul,9468,Sunnyheights,Fuel Cap missing,,,Open,Quattra,,Dempsey wood,24/04/2018,,,
D247Z,P6512,4 Axle Alloy tipper Trail,,,cof,,,Open,Quattra,,,,,,
DG09,,Diesel Generagtor,9519,Bremner Rd,Service due,,,Open,Quattra,,Dempsey Wood Civil,19/04/2018,,,
DG09,A5970,Diesel Generagtor,9519,Bremner Rd,NO STARTING,,,Open,Quattra,,Dempsey Wood Civil,24/04/2018,,,
DG10,,Diesel Generator,9447,125 Murphys Road Stage 1,faulty,,,Open,Quattra,job complete ?,Dempsey Wood Civil,3/08/2017,267,,Level 2
DG14,,Diesel Generator - Trailer,9485,84 Fred Taylor Drive,No service Sticker,,,Completed,Quattra,,Dempsey Wood Civil,28/07/2017,273,24/02/2018,Level 1
DG15,A5919,Koel,,,Service,,,Open,Quattra,,Dempsey wood,21/04/2018,,,
DG16,,Diesel Generator,9485,Fred Taylor,service due,,,Open,Quattra,,Dempsey Wood Civil,19/04/2018,,,
DG16,,Diesel Generator,9485,Fred Taylor,wont start,,,Open,Quattra,,Dempsey Wood Civil,27-Apr,,,
DG17,,Diesel Generator,9523,Avanda Tier 1 roads,,,,Open,Quattra,not on site sent back to yard site reports 9/3/18 (P.G.ROSE),Dempsey Wood Civil,15/02/2018,71,,Level 3
DG20,,Diesel Generator,9485,84 Fred Taylor Drive,stopped working. don't know why **,,,On hold,Quattra,went for repairs at suplier,Dempsey Wood Civil,27/10/2017,182,,Level 1
DG23,A5823,Diesel Generator,9520,Bremner Rd,Generator keeps overheating and switching off,,,Completed,Quattra,,Dempsey Wood,29/03/2018,,,
DGR362,,Nissan Navara dbl/cab,9530,Reticulation Hobsonville - Jaye 0211906559,service due)(Reported again  12/04/18,,,Open,Quattra,,Dempsey Wood Civil,12/01/2018,105,,Level 2
DGR362,,Nissan Navara dbl/cab,9530,Reticulation Hobsonville - Jaye 0211906559,drivers side mirror loose reported again 08/02/18),,,Open,Quattra,,Dempsey Wood Civil,21/12/2017,127,,Level 2
DGR362,,Nissan Navara dbl/cab,9530,Reticulation Hobsonville - Jaye 0211906559,needs wheel lock nut socket,,,Open,Quattra,,Dempsey Wood Civil,19/04/2018,,,
DGR362,,Nissan Navara dbl/cab,9530,Reticulation Hobsonville - Jaye 0211906559,steering sometimes jerky and wobbly now and then,,,Open,Quattra,,Dempsey Wood Civil,16/04/2018,,,
DGR362,P6525,Nissan Navara dbl/cab,9530,Reticulation Hobsonville - Jaye 0211906559,TYRE  ,,,Open,Quattra,,Dempsey Wood Civil,16/04/2018,,,
DGU31,P9527,Toyota,,,GPS,,,Open,Quattra,,,18/04/0169,,,
DKY293,P6518,Fuso,,,COF,,,Open,Quattra,,DEMPSEY,12/04/2018,,,
DKY293,P6546,Fuso,,,Power steering oil,,,Open,Quattra,,DEMPSEY,20/04/2018,,,
DMA780,P6490,1995 Hino Ranger Water  D,9523,Avanda Tier  - patrick 021779480,cof,,,Open,Quattra,,,5/04/2018,,,
DNK679,,Ford Courier XLX D/cab,9200,Yard,tear in rear corner - caught on wire - Timi to repair,,,Completed,Quattra,Timi To report when repaired.Service completed.Next 231 000 WOF10/02/19,Dempsey Wood Civil,25/01/2018,92,17/02/2018,Level 1
DQL737,,Ford Courier,9467,Halls Farm stage 3 - Steven Dutchburn 021411329,Service over due ,,,Open,Quattra,6/3/18 outstanding ,dempsey Wood Civil,1/03/2018,57,,
DSP886,P6486,Ford Courier,9468,Sunnyheights - Dylan Mead C/- Joe 0211948100,Due for WOF-Dylan Mead (Reported again 29/03/18),,,Completed,Quattra,,Dempsey Wood,22/03/2018,,9/04/2018,
DSP886,P6486,Ford Courier,9468,Sunnyheights - Dylan Mead C/- Joe 0211948100,Trailer plug not working,,,Completed,Quattra,,Dempsey Wood,22/03/2018,,9/04/2018,
DT01,A5780,Thwaites,9498,Whenuapai Stage 4,Beacon not working,,,Completed,Quattra,16/04/2018 sparky Mark,Dempsey Wood,15/03/2018,,13/04/2018,
DT01,A5878,Thwaites,9498,Whenuapai Stage 4,Splutters when starting in the mornings,,,Open,Quattra,Auto electrician to check starter.,Dempsey Wood,15/03/2018,,23/04/2018,
DT01,A5878,Thwaites,9498,Whenuapai Stage 4,Starter motor faulty. takes awhile to start in the mornings,,,Open,Quattra,,Dempsey Wood,27/04/2018,,23/04/2018,
DT01,A5878,Thwaites,9498,Whenuapai Stage 4,Service due,,,Open,Quattra,,Dempsey Wood,27/04/2018,,23/04/2018,
DT02,A5840,Thwaites 6Tonne Demper Po,9482,Rautawhiri rd Helensville,GPS,,,Completed,Quattra,,,13/04/2018,,13/04/2018,
DT03,A5781,Thwaites Dump Truck,9485,fREd Taylor,Seat belt needs a service,,,Completed,Quattra,,Dempsey Wood,29/03/2018,,9/04/2018,
DT03,A5781,6 Tonne Thwaires Dumper P,9485,fREd Taylor,Beacon,,,Open,Quattra,,,9/04/2018,,,
DT03,A5926,6 Tonne Thwaires Dumper P,9485,fREd Taylor,bad smell,,,Open,Quattra,,,21/04/2018,,,
DtE01,,Dump Truck Ejector - Britten,9468,Sunny Heights Development,Top roller on bin R/H side faulty,,,Open,Quattra,,Dempsey Wodo,29/03/2018,,,
DtE01,,Dump Truck Ejector - Britten,9468,Sunny Heights Development,side window latch broken reported again 19.04.18,,,Open,Quattra,,Dempsey Wodo,29/03/2018,,,
DtE01,,Dump Truck Ejector - Britten,9468,Sunny Heights Development,fuel guage faulty,,,Open,Quattra,16/04/2018 sparky Mark,Dempsey Wodo,29/03/2018,,,
DtE01,,Dump Truck Ejector - Britten,9468,Sunny Heights Development,front towing pin missing,,,Open,Quattra,,Dempsey Wodo,19/04/2018,,,
DtE01,,Dump Truck Ejector - Britten,9468,Sunny Heights Development,air con not cold,,,Open,Quattra,,Dempsey Wodo,29/03/2018,,,
DtE01,,Dump Truck Ejector - Britten,9468,Sunny Heights Development,Ejector rubber,,,Open,Quattra,,Dempsey Wodo,23/04/2018,,,
DTE02,,Dump Truck Ejector Munro,9468,Sunny Heights Development,Top rollers collapesd,,,Open,Quattra,Max has collected parts and taking them to Orewa,Dempsey Wood,22/03/2018,,,
DTE02,,Dump Truck Ejector Munro,9468,Sunny Heights Development,Ejector ram leaking,,,Open,Quattra,,Dempsey Wood,27/04/2018,,,
DTE02,A5938,Dump Truck Ejector Munro,9468,Sunny Heights Development,Dash clocks have come looseReported again 19/04/18,,,Open,Quattra,,Dempsey Wood,22/03/2018,,,
DTE02,A5708,Dump Truck Ejector Munro,9468,Sunny Heights Development,Gears,,,Open,Ash,,,,,,
DTE02,A5796,Dump Truck Ejector Munro,9468,Sunny Heights Development,Hub rework,,,Open,Ash,,,10/04/2018,,,
DTE03,,Dump Truck Ejector - Murphy,9468,Sunny Heights Development,Rigth front shock sqeaking,,,Open,Quattra,,Dempsey Wood Civil,1/03/2018,57,,
DTE03,,Dump Truck Ejector - Murphy,9468,Sunny Heights Development,sometimes handbrake wont hold,,,Open,Quattra,,Dempsey Wood Civil,1/03/2018,57,,
DTE03,,Dump Truck Ejector - Murphy,9468,Sunny Heights Development,Air bag has a leak,,,Open,Quattra,,Dempsey Wood Civil,5/04/2018,,,
DTE03,,Dump Truck Ejector - Murphy,9468,Sunny Heights Development,front hand rail missing rreported again 19.04.18,,,Open,Quattra,,Dempsey Wood Civil,5/04/2018,,,
DTE03,,Dump Truck Ejector - Murphy,9468,Sunny Heights Development,bottom pivot book split reported again 19.04.18,,,Open,Quattra,,Dempsey Wood Civil,5/04/2018,,,
DTE03,A5775,Dump Truck Ejector - Murphy,9468,Sunny Heights Development,"seat needs fixing, drops to the floor while driving - DANGEROUS",,,Completed,Quattra,,Dempsey Wood Civil,5/04/2018,,9/04/2018,
DTE03,A5973,Dump Truck Ejector - Murphy,9468,Sunny Heights Development,"seat needs fixing, drops to the floor while driving - DANGEROUS",,,Open,Quattra,,Dempsey Wood Civil,24/04/2018,,,
DTE03,,Dump Truck Ejector - Murphy,9468,Sunny Heights Development,splits and cracks in tyres reported again 19.04.18,,,Open,DW Fleet Team,,Dempsey Wood Civil,5/04/2018,,,
DTE03,,Dump Truck Ejector - Murphy,9468,Sunny Heights Development,right steering ram leaking reported again 19.04.18,,,Open,Quattra,,Dempsey Wood Civil,5/04/2018,,,
DTE03,,Dump Truck Ejector - Murphy,9468,Sunny Heights Development,turn stoppers need replacing reported again 19.04.18,,,Open,Quattra,,Dempsey Wood Civil,12/04/2018,,,
DTE04,A5752,2006 Cat 740EJ Dump Truck,9468,Sunny Heights Development,Wiper and reverse camera,,,Open,Quattra,,,5/04/2018,,,
DTE04,A5752,2006 Cat 740EJ Dump Truck,9468,Sunny Heights Development,widnow latch broken/no top left mirror/water leak windscreen/broken screw for hydraulic cover,,,Open,Quattra,,,5/04/2018,,,
DUR617,,ford Ranger,9468,Sunny Heights Development Joe 0211948100,Needs rh rear mudflap,,,Open,Quattra,,Dempsey wood,19-Apr,,,
E02,,2006 Kobelco SK50 S/N,9498,Whenuapai Stage 4,Need to keep filling up water,,,Open,Quattra,,Dempsey wood,27/04/2018,,,
E04,,Kobelco SK070 (07612),9467,West Hoe Heights,Front bottom cab window missing,,,Open,DW Fleet Team,Machine to be sold (Max),Dempsey wood,8/03/2018,50,,
E04,,Kobelco SK070 (07612),9467,West Hoe Heights,machine unable to start . mechanics needed to see whats wrongReported again 07/2/18),,,Completed,Quattra,Machine to be sold (Max),Dempsey Wood Civil,2/02/2018,84,9/02/2018,Level 3
E04,A2465,Kobelco SK070 (07612),9467,West Hoe Heights,bottonm window door handle not fixed (Reported again 08/02/18),,,Completed,Quattra,List of repair cost send to Max 18/04/2018,Dempsey Wood Civil,27/10/2017,182,20/02/2018,Level 2
E05,,2004 Hitachi ZX50 S/N,9515,Scott rd,Tracks loose,,,Open,Quattra,,,19/04/2018,,,
E05,,2004 Hitachi ZX50 S/N,9515,Scott rd,ignition broken,,,Open,Quattra,,,19/04/2018,,,
E05,,2004 Hitachi ZX50 S/N,9515,Scott rd,Hydralic leak on main ram,,,Open,Quattra,,,19/04/2018,,,
E05,A5976,2004 Hitachi ZX50 S/N,9515,Scott rd,Not starting,,,Open,Quattra,,,24/04/2018,,,
E07,,Hitacahi ZX120,9468,Sunnyhieghts,Main ram creeping Reported again 19/04/18,,,Open,Quattra,,Dempsey Wood Civil,15/03/2018,,,
E07,,Hitacahi ZX120,9468,Sunnyhieghts,mirror attached to cab needs replacing,,,Open,Quattra,,Dempsey Wood Civil,19/04/2018,,,
E07,,Hitacahi ZX120,9468,Sunnyhieghts,main cutting edge on bucket needs looking at,,,Open,Quattra,,Dempsey Wood Civil,12/04/2018,,,
E07,A5934,Hitacahi ZX120,9468,Sunnyhieghts,ASSESSMENT,,,Open,Quattra,,Dempsey Wood Civil,12/04/2018,,,
E08,,Kobelco SK135 (12438),9485,Fred Taylor dr,Service overdue (Reported again 19/04/18),,,Completed,Quattra,8/3/18 comfirmed upto date (P.G.ROSE),Dempsey Wood Civil,1/03/2018,57,,
E10,A5936,2004 Hitachi ZX200 S/N,9515,Scott Rd,ASSESSMENT,,,Open,Quattra,,DEMPSEY WOOD,23/04/2018,,,
E11, ,Hitachi ZX200 (116110) 3,9526,Murphys rd,NO AIR CON,,,Open,DW Fleet Team,Given to Payless Auto,Dempsey Wood Civil,8/12/2017,140,6/03/2018,Level 1
E11,,Hitachi ZX200 (116110) 3,9526,Murphys rd,track roller needxs to be replaced,,,Open,Quattra,,dempsey Wood,15/03/2018,,,
E11,,Hitachi ZX200 (116110) 3,9526,Murphys rd,one grease nipple missing,,,Open,DW Fleet Team,,dempsey wood,29/03/2018,,,
E11,A5932,Hitachi ZX200 (116110) 3,9526,Murphys rd,ASSESSMENT,,,Open,Quattra,,,23/04/2018,,,
E11,A5862,Hitachi ZX200 (116110) 3,9526,Murphys rd,Service reported again 19/04/18,,,Open,Quattra,,,16/04/2018,,,
E12,A5980,2006 Hitachi ZX200 S/N,9532,Stonefields,Service due,,,Open,Quattra,,Dempsey wood,19/04/2018,,,
E13,A5829,2003 Hitachi ZX230 S/N,9523,Avanda tier,gps  ,,,Open,Quattra,,,12/04/2018,,,
E13,A5829,2003 Hitachi ZX230 S/N,9523,Avanda tier,grease nipple needs replacing,,,Open,Quattra,,dempsey wood Civil,27/04/2018,,,
E13,A5829,2003 Hitachi ZX230 S/N,9523,Avanda tier,Hydraulic oil still leaking,,,Open,Quattra,,dempsey wood Civil,27/04/2018,,,
E13,A5829,2003 Hitachi ZX230 S/N,9523,Avanda tier,Engine bonnet missing a bolt,,,Open,Quattra,,dempsey wood Civil,27/04/2018,,,
E13,A5934,2003 Hitachi ZX230 S/N,9523,Avanda tier,RAM,,,Open,Quattra,,dempsey wood Civil,23/04/2018,,,
E13,A5934,2003 Hitachi ZX230 S/N,9523,Avanda tier,ASSESSMENT,,,Open,Quattra,,dempsey wood Civil,23/04/2018,,,
E14,,2003 Hitachi ZX230 S/N,9468,Sunny Heights Development,boom cylinder leak and bucket cylinder leak at pipe line fittings,,,Open,Quattra,,dempsey wood Civil,12/04/2018,,,
E14,A5933,2003 Hitachi ZX230 S/N,9468,Sunny Heights Development,ASSESSMENT,,,Open,Quattra,,,23/04/2018,,,
E15,A3047,Kobelco Sk55 SR-5 (08583),9522,Buckley B,Service Due 01/03/18,,,Completed,Quattra,Next service due 10566,Dempsey Wood Civil,23/02/2018,63,15/03/2018,
E15,,Kobelco SK55 SR-5 (08583),9522,Buckley B,air con needs fixing,,,Open,DW Fleet Team,Service needs to be done will be done next week,Dempsey Wood Civil,25/01/2018,92,15/03/2018,Level 2
E15,A5807,Kobelco SK55 SR-5 (08583),9522,Buckley B,Boom hydraulic ram protector plate missing Reported again 19/04/18,,,Completed,Quattra,,Dempsey Wood Civil,22/03/2018,,23/04/2018,
E15,A5943,Kobelco SK55 SR-5 (08583),9522,Buckley B,ASSESSMENT,,,Open,Quattra,,Dempsey Wood Civil,23/04/2018,,,
E15,A5807,Kobelco SK55 SR-5 (08583),9522,Buckley B,leaking hydraulic oil from the hoses connected to the quick hitch ,,,Completed,Quattra,,Dempsey Wood Civil,5/04/2018,,18/04/2018,
E16,A5747,2008 Kobelco SK50SR-3,9522,Buckley B,Cracked cylinder Ram,,,Completed,Quattra,,,4/04/2018,,,
E16,A5942,2008 Kobelco SK50SR-3,9522,Buckley B,ASSESSMENT,,,Completed,Quattra,,,23/04/2018,,,
E16,A5758,2008 Kobelco SK50SR-3,9522,Buckley B,Leaking ram,,,Completed,Quattra,,,6/04/2018,,,
E17,,Kobelco SK30 SR-5,9524,The Landing,Main boom unsatisfactorily secured to ram. Creeping,,,Open,Quattra,,Dempsey Wood Civil,15/03/2018,,,
E17,,Kobelco SK30 SR-5,9524,The Landing,Unable to open door to hydraulic reservoir reported again 27/04/18,,,Open,Quattra,,Dempsey Wood Civil,15/03/2018,,,
E17,,Kobelco SK30 SR-5,9524,The Landing,main boom sitting on shims unable to grease,,,Open,Quattra,,Dempsey Wood Civil,15/03/2018,,,
E17,A5860,Kobelco SK30 SR-5,9524,The Landing,Need to replace the track gear on this machine. All worn and tracks keep falling off REPORTED AGAIN 12/04/18,,,Completed,Quattra,"Email sent to Max from Willy 05/04/18 asking for confirmation - 17/4 Track adjuster stripped, cleaned, seals replaced and refitted - tested ok.",DempseyWood,5/04/2018,,23/04/2018,
E18,A5937,2010 Hitachi ZX120-3 S/N,9482,Helensville - Bill 021943592,ASSESSMENT,,,Open,Quattra,,,23/04/2018,,,
E19,,2010 Hitachi ZX200-3 S/N,9486,Bremner Rd,"Hydraulic leak secondary pump, control valve",,,Open,Quattra,,DempseyWood,27/04/2018,,,
E19,A5913,2010 Hitachi ZX200-3 S/N,9486,Bremner Rd,ram,,,Open,Quattra,,DempseyWood,20/04/2018,,,
E19,A5931,2010 Hitachi ZX200-3 S/N,9486,Bremner Rd,ASSESSMENT,,,Open,Quattra,,DempseyWood,23/04/2018,,,
E20,A5687,Hitachi ZX120-5,9522,Buckley B Stage 3,bucket grease nipples blocked,,,Completed,Quattra,,Dempsey Wood Civil,29/03/2018,,,
E20,A5909,Hitachi ZX120-5,9468,Sunnyheights,Three major cracks in bucket,,,Open,Quattra,,Dempsey Wood Civil,19/04/2018,,,
E20,A5909,Hitachi ZX120-5,9468,Sunnyheights,alarm light for air cleaner wont turn off ,,,Open,Quattra,,Dempsey Wood Civil,27/04/2018,,,
E20,A5909,Hitachi ZX120-5,9468,Sunnyheights,tilt bucket hydraulic tap broken,,,Open,Quattra,,Dempsey Wood Civil,19/04/2018,,,
E20,A5909,Hitachi ZX120-5,9468,Sunnyheights,window water sprayers dont work at all ,,,Open,Quattra,,Dempsey Wood Civil,19/04/2018,,,
E20,A5909,Hitachi ZX120-5,9468,Sunnyheights,handle on door broken/door rusty,,,Open,Quattra,,Dempsey Wood Civil,19/04/2018,,,
E20,A5909,Hitachi ZX120-5,9468,Sunnyheights,cant adjust seat up or down,,,Open,Quattra,,Dempsey Wood Civil,19/04/2018,,,
E20,A5687,Hitachi ZX120-5,9522,Buckley B Stage 3,boom is creeping,,,In progress,Quattra,,Dempsey Wood Civil,29/03/2018,,16/04/2018,
E20,A5864,Hitachi ZX120-5,9522,Buckley B Stage 3,RT,,,Completed,Swifty,,Dempsey Wood Civil,17/04/2018,,26/04/2018,
E21,,Kobelco SK350LC-8,9524,TheLanding,Hydraulic oil filled 30 litres- Right track slow,,,Open,Quattra,,Dempsey wood,27/04/2018,,,
E22,,2012 Kobelco SK70 S/N,9498,wHENUAPAI,No Side mirrors,,,Open,Quattra,,Dempsey Wood Civil,27/04/2018,,,
E23,,Kobelco SK71,9485,Fred Taylor Dr,Service due,,,Open,Quattra,,Dempsey Wood,27/04/2018,,,
E23,,Kobelco SK71,9485,Fred Taylor Dr,cleats falling off tracks,,,Open,Quattra,,Dempsey Wood,27/04/2018,,,
E23,,Kobelco SK71,9485,Fred Taylor Dr,Change engine oil showing on screen,,,Open,Quattra,,Dempsey Wood,5/04/2018,,,
E23,A5779,Kobelco,9485,Fred Taylor Dr,Window Lock - reported again 27/04/18,,,Open,Quattra,,,9/04/2018,,,
E26,A5825,Hitachi ZX240-5,9468,Sunny Heights Development,Pin,,,Open,Quattra,,,11/04/2018,,,
E26,A5904,Hitachi ZX240-5,9468,Sunny Heights Development,Cleats  ,,,Open,Quattra,,,20/04/2018,,,
E26,A5904,Hitachi ZX240-5,9468,Sunny Heights Development,Service,,,Open,Quattra,,,24/04/2018,,,
E27,A5978,Hitachi Zx 240,9467,Halls farm,Service,,,Open,Quattra,,,24/04/,,,
E28,A5871,Hitachi ZX200 Excavator L,9468,Sunny Heights Development,SERVICE DUE,,,Completed,Quattra,Next service due : 6563,dempsey wood Civil,12/04/2018,,26/04/2018,
E29,A5784,Hitachi ZX240-5 Excavator,9485,fred taylor,Bucket needs welding (reported again 27/*04/18),,,Open,Quattra,,dempsey wood Civil,9/04/2018,,,
E29,,Hitachi ZX240-5 Excavator,9485,Fred taylor,Bucket ram leaking (reported again 27/*04/18),,,Open,Quattra,,dempsey wood Civil,19/04/2018,,,
E29,,Hitachi ZX240-5 Excavator,9485,Fred taylor,digger has no power (reported again 27/*04/18),,,Open,Quattra,,dempsey wood Civil,19/04/2018,,,
E31,,Kobelco SK55-SRX,9467,Halls Farm Stage 3,track creeping,,,Open,Quattra,Site have informed me the track keeps coming offneeds sorting,Dempsey Wood Civil,14/12/2017,134,,Level 4
E31,,Kobelco SK55-SRX,9467,Halls Farm Stage 3,rear main seal leaking,,,Open,Quattra,notified by quattra after service. Neede in workshop,Dempsey Wood Civil,18/11/2017,160,7/03/2018,Level 2
E33,,Kobelco SK35SR-5 Air Cab,9485,FredTaylor,Service due,,,Open,Quattra,,Dempsey Wood,19/04/2018,,,
E33,,Kobelco SK35SR-5 Air Cab,9485,FredTaylor,Wipers need replacing Reported again 27/04/18,,,Open,Quattra,,Dempsey Wood,19/04/2018,,,
E35,A5783,Hitachi ZX200 Excavator L,9515,Scott Road,Welding,,,Completed,Quattra,,,9/04/2018,,12/04/2018,
E36,A5950,Hitachi ZX200-5 LC - GPS,9467,Halls Farm Stage 3,Pin,,,Open,Quattra,,,11/04/2018,,12/04/2018,
E36,A5820,Hitachi ZX200-5 LC - GPS,9467,Halls Farm Stage 3,Pin,,,Completed,Quattra,,,11/04/2018,,12/04/2018,
E37,,Hitachi ZX200,9485,Fred Taylor,Camera not working (Reported again 27/04/18),,,Open,Quattra,Cable price,Dempsey Wood,22/03/2018,,,
E37,,Hitachi ZX200,9485,Fred Taylor,Bonnet hinges broken (Reported again 27/04/18),,,Open,Quattra,,Dempsey Wood,19/04/2018,,,
E37,,Hitachi ZX200,9485,Fred Taylor,Service due,,,Open,Quattra,Booked with cable Price 09/04/2018,Dempsey Wood,22/03/2018,,,
E38,,Hitachi ZX200 Excavator L,9490,Hayfeld,crack on the tilt bucket,,,Open,Quattra,,dempsey Wood Civil,12/04/2018,,,
E38,A5686,Hitachi ZX200 Excavator L,9490,Hayfeld,service overdue,,,Completed,Quattra,Next service due : 3816,dempsey Wood Civil,12/04/2018,,23/04/2018,
E38,,Hitachi ZX200 Excavator L,9490,Hayfeld,Lights not working,,,Open,Quattra,,dempsey Wood Civil,27/04/2018,,,
E38,A5726,Hitachi ZX200 Excavator L,9490,Hayfeld,Bonnet Hinge,,,Completed,Quattra,,,4/04/2018,,20/04/2018,
E39,A5805,Hitachi ZX200 Excavator L,9516,Thomas Rd,GPS,,,Open,Quattra,,,3/04/2018,,,
E39,A5912,Hitachi ZX200 Excavator L,9516,Thomas Rd,Service,,,Open,Quattra,Cables servicing,,27/04/2018,,,
E42,,Hitachi 5.5 tn,9526,Murphys Rd,One of the lights not working,,,Open,Quattra,,,27/04/2018,,,
E42,A5924,Hitachi 5.5 tn,9526,Murphys Rd,Grease Nipple,,,Open,Quattra,,,21/04/2018,,,
E46,,2016 Kobelco SK350LC-10,9468,Sunnyheights,nipple on face of weed bucket not getting grease Reported again 19/04/18,,,Open,Quattra,,dempsey Wood Civil,12/04/2018,,,
E46,,2016 Kobelco SK350LC-10,9468,Sunnyheights,no right side mirror ,,,Open,Quattra,,dempsey Wood Civil,27/04/2018,,,
E46,,2016 Kobelco SK350LC-10,9468,Sunnyheights,hydraulics stop working intermittedly on whole boom,,,Open,Quattra,,dempsey Wood Civil,27/04/2018,,,
E921K,P6519,trailer,,,COF,,,Open,Quattra,,Dempsey Wood Civil,13/04/2018,,,
EAN653,,Nissan Navara S/cab,9467,WestHoe - Walt 0211916477,window locks not working(Reported again 14.12.17)(reported again 11.01.18)(reported again 24/01/08) Patric to sort out canapy locks,,,Open,DW Fleet Team,6/3/18 in yard ,Dempsey Wood Civil,6/10/2017,203,,Level 2
ETH149,,2008 Mazda BT500,9522,BUCKLEY B STAGE 3 - Tony Wilson 0211941737,Mark/groove on left side door,,,Open,Quattra,,dempsey Wood Civil,12/04/2018,,,
FAD105,,Toyota Hilux,9532,Stonefields - Khalil 021959988,Cabin light not working,,,Open,Quattra,,dempsey Wood Civil,19/04/2018,,,
FCA810,,Isuzu 4-Wheeler Tipper,9415,Transport,02/03 - adjust clutch and handbrake,,,Open,Quattra,8/3/18 outstanding ,Dempsey Wood Civil,2/03/2018,56,,
FCA810,P6543,Isuzu 4-Wheeler Tipper,9415,Transport,Lights,,,Open,Quattra,,Dempsey Wood Civil,20/04/2018,7,,
FFH181,,Isuzu 4 Wheel Tip Truck,TRUCKS,Transport,check seatbelt release,,,Open,Quattra,,Dempsey Wood Civil,12/01/2018,105,,Level 3
FFH181,P6494,Isuzu 4 Wheel Tip Truck,TRUCKS,Transport,GPS,,,Open,Quattra,,,6/04/2018,,,
FFH181,P6545,Isuzu 4 Wheel Tip Truck,TRUCKS,Transport,Welding,,,Open,Quattra,,,20/04/2018,,,
FFJ244,P6511,Light Arrow System LED Pr,Kerb,Kerbing - Jacinta Manning 021908719,gearbox,,,Open,Quattra,,,11/04/2018,,,
FGY789,,Ssangyong Actyon 4x4,9522,Buckley B Stage 3 - Mark Mesias 0211957318,No beacon,,,Open,Quattra,Max to advise,Dempsey Wood Civil,1/02/2018,85,16/02/2018,Level 1
FGY789,,Ssangyong Actyon 4x4,9522,Buckley B Stage 3 - Mark Mesias 0211957318,Interior light broken,,,Open,Quattra,Max to advise,Dempsey Wood Civil,19/04/2018,8,,
FJF659,,Mitsubishi Triton 2WD Doublecab GLX,9514,Richmond Stage 6 Earthworks -Matt 021920975,BRAKE PADS GETTING LOW,,,Open,Quattra,,Dempsey Wood Civil,16/11/2017,162,,Level 2
FJF659,P6547,Mitsubishi Triton 2WD Doublecab GLX,9514,Richmond Stage 6 Earthworks -Matt 021920975,Service due,,,Open,Quattra,,Dempsey Wood Civil,19/04/2018,,,
FLU746,,Toyota Hilux,9482,Helensville - Bill 021943592,Service well overdue  Reported again 22/03/18,,,Open,Quattra,,Dempsey Wood Civil,12/01/2018,105,,
FLU746,,Toyota Hilux,9482,Helensville - Bill 021943592,may need to top up air con cooling,,,Open,DW Fleet Team,,Dempsey Wood Civil,22/03/2018,36,,
FLU746,,Toyota Hilux,9482,Helensville - Bill 021943592,Need to change windscreen wipers,,,Open,Quattra,,Dempsey Wood Civil,22/03/2018,36,,
FRD728,P6528,Holden,,,WOF due,,,Open,Quattra,,,17/04/2018,,,
FUY218,P6524,Subaru Forester,,,WOF due,,,Open,Quattra,,,16/04/2018,,,
FYN228,,Ssangyong Actyon 4x4,9523,Avanda Tier 1 Roads Rory 0211942009,Front interior lights not working reported again 29/03/18,,,Open,Quattra,9/3/18 out standing ,Dempsey Wood Civil,15/102,0,,
FYN228,,Ssangyong Actyon 4x4,9523,Avanda Tier 1 Roads Rory 0211942009,1 headlight out (reported again 19/04/18,,,Open,Swifty,9/3/18 out standing (P.G.ROSE),Dempsey Wood Civil,15/02/2018,71,,
FYN228,,Ssangyong Actyon 4x4,9523,Avanda Tier 1 Roads Rory 0211942009,RH front door swing arm damaged reported again 29/03/18,,,Open,Quattra,"9/3/18  out standing site reports bolt fell out,need new bol where it attaches to bode of car(P.G.ROSE)",Dempsey Wood Civil,15/02/2018,71,,
G01,A2869,Cat 120G Grader-BDK910,9486,Auranga Stage 1 Earthworks,service due(reported again 08/03/18,,,Completed,Quattra,,Dempsey Wood Civil,14/12/2017,134,22/02/2018,
G01,,Cat 120G Grader-BDK910,9486,Auranga Stage 1 Earthworks,List of repairs to be completed,Needs to come to workshop-Max to follow up,,Open,,"Needs to come to workshop
 Quattra Moving - waiting for confirmation to send to new workshop",Dempsey Wood Civil,21/11/2017,157,,
G01,,Cat 120G Grader-BDK910,9486,Auranga Stage 1 Earthworks,tyres need replacing,,,Open,DW Fleet Team,Max,Dempsey Wood Civil,2/11/2017,176,,Level 1
G01,A5983,Cat 120G Grader-BDK910,9486,Auranga Stage 1 Earthworks,Not starting,,,Open,DW Fleet Team,Max,Dempsey Wood Civil,24/04/2018,,,Level 1
G02,,Cat 130G Grader,9468,Sunny Heights Development,external door handle fallen off,,,,,,,5/04/2018,,,
G03,,Volvo 726B Grader GPS,9516,Donegal Glen,Deep cut rear tyres - Reported again 27/04/18 - NEEDS NEW TYRES,,,Open,DW Fleet Team,,Dempsey Wood Civil,8/03/2018,50,,
G04,A5704,Komatsu Grader - GD555-3c,9513,Beachalnds,Service due,,,Open,Quattra,,,3/04/2018,,,
G07,A5725,2010 Komatsu Motor Grader,9504,Hayfield road,Grease NIpple,,,Open,Quattra,,,4/04/2018,,,
G19,,Generator,9485,Fred Taylor Dr,Servce,,,Open,Quattra,,,19/04/2018,,,
G19,,Generator,9485,"Fred Tay,lor Dr",Wont Start,,,Open,Quattra,,,27/04/2018,,,
GMM907,,Isuzu DMax,Kerb,Kerbin jacinta Manning 021908719,Service Due,,,Open,Quattra,,Dempseywood,12/04/2018,,,
GN24,A5881,Kirloskar Chhota Chilli C,,,not starting,,,Open,Quattra,,,18/04/2018,,,
GN25,,Generator,9485,Fred taylor,service,,,Open,Quattra,,Dempsey wood,19/04/2018,,,
GN32,A5733,Honda,,,Service,,,Open,Quattra,,,4/04/2018,,,
GPS236,P6513,Mitsubishi Fuso 2012 HD,Trucks,trucking,cof,,,Open,Quattra,,,11/04/2018,,,
GSH837,,Mazda Triton,9519,Bremner - Richard Burns 021302598,Service due Reported again 27/04/18,,,Open,Quattra,,Dempsey wood,19/04/2018,,,
GSH837,,Mazda Triton,9519,Bremner - Richard Burns 021302598,back indicator light broken,,,Open,Quattra,,Dempsey wood,19/04/2018,,,
GZB717,,Mitsubishi 300,9523,Avanda tier,passenger side window not working,,,Open,Quattra,,Dempsey wood,27-Apr,,,
GZB717,,Mitsubishi 300,9523,Avanda tier,wipers need replacing  ,,,Open,Quattra,,Dempsey wood,27-Apr,,,
HC01,,1994 Caterpillar 825C S/N,9468,Sunny Heights Development,Fuel cap doesnt do up properly and 2 missing wheel cleaners Reported again 19/04/18                                                                                                      ,,,Open,Quattra,,dempsey Wood Civil,12.04.18,,,
HC03,A5985,1980 Komatsu WF22A-2,9467,Halls Farm, Isolator switch,,,Open,Quattra,,Dempsey Wood,24-Apr,,,
HC04,,Bomag Compactor,9485,84 Fred Taylor Drive,broken window,,,In progress,DW Fleet Team,Glass ordered coming from overseas. Should be here this week,Dempsey Wood Civil,30/11/2017,148,5/04/2018,
HC04,A5869,Bomag Compactor,9485,84 Fred Taylor Drive,Service Due,,,Open,Quattra,,Dempsey Wood Civil,5/04/2018,,,
HC04,,Bomag Compactor,9515,Scott rd,left door not properly attached,,,Open,Quattra,,dempsey wood,19/04/2018,,,
HC05,,Sakai Padfoot Compactor 512,9513,Beachlands Stage 5,fitted RT receives but can not call out on it.,,,Open,Swifty,6/3/18 out standing (P.G.ROSE),Dempsey Wood Civil,22/01/2018,95,,
HC05,,Sakai Padfoot Compactor 512,9513,Beachlands Stage 5,cracked side window,,,In progress,DW Fleet Team,Waiting to arrive from overseas,Dempsey Wood Civil,28/09/2017,211,5/04/2018,
HC05,A5852,Sakai Padfoot Compactor 512,9513,Beachlands Stage 5,need wiper,,,In progress,Quattra,Sparky Mark to match up wpier motor non avialible 16/04/2018,Dempsey Wood Civil,12/04/2018,,,
HC06,,Cat 825 B Compactor,9486,Auranga Stage 1 Earthworks,reverse very slow (reported again 14/12/17) (Reported again 21/12/17),,,Open,Quattra,9/3/18 out standing site reports urgent (P.G.ROSE),Dempsey Wood Civil,30/11/2017,148,,Level 3
HC06,,Cat 825 B Compactor,9486,Auranga Stage 1 Earthworks,NoHorn - (Reported again27/04/18),,,Open,Quattra,12/04/2018 sparky,Dempsey Wood Civil,15/03/2018,,,
HC06,,Cat 825 B Compactor,9486,Auranga Stage 1 Earthworks,Very very slow in reverse,,,Open,Quattra,,Dempsey Wood Civil,22/03/2018,,,
HC06,A5822,Cat 825 B Compactor,9486,Auranga Stage 1 Earthworks,seat needs fixing moves backwards all the time (Reported again 12//04/18),,,Open,Quattra,,Dempsey Wood Civil,22/03/2018,,,
HC06,,Cat 825 B Compactor,9486,Auranga Stage 1 Earthworks,blade keeps dropping down slowly (Reported again 12//04/18),,,Open,Quattra,,Dempsey Wood Civil,22/03/2018,,,
HC08,A5974,Compactor,9516,Donegal Glen Stage 10A,Warning light  ,,,Open,Quattra,,dempsey,24/04/2018,,,
HC08,A5984,Compactor,9516,Donegal Glen Stage 10A,V belt tensioner,,,Open,Quattra,,dempsey,24/04/2018,,,
HD01,A5947,2006 Hooper Disc Single,9498,WHENUAPAI,Not working,,,Open,Quattra,,,23/04/2018,,,
HD02,A5940,2007 Hooper Disc Double,9509,Auranga Stage 1 Earthworks,GPS,,,Open,Quattra,,dempsey wood,23/04/2018,,,
HHA772,,Toyota Runix,9513,Beachlands Stage 5 Salesi Leao C/- Robert 021908273,Service over due 11/04/18 - (2631ks over due ) - Salesi Leao ,,,Open,Quattra,wof 1/2/19,Dempsey Wood Civil,15/02/2018,71,17/02/2018,
HJQ386,P6517,Ssangyong Ute,9526,Murphys rd - Sam 021993807,WOF due,,,Open,Quattra,,DEMPSEY,12/04/2018,,,
HJQ388,,Ssangyong Ute,9498,Whenuapai Stage 4,Rear left light broken needs replacement (reported again 2704/18),,,Open,Quattra,,Dempseywood,22/03/2018,,,
HJQ388,,Ssangyong Ute,9498,Whenuapai Stage 4,Dent in front right hand side panel (reported again 274/18),,,Open,DW Fleet Team,,Dempsey Wood,22/03/2018,,,
HJQ388,,Ssangyong Ute,9498,Whenuapai Stage 4 - Sebastien 021782477,Steering wheel noisey since GPS has been installed (reported again2704/18),,,Open,Quattra,,Dempsey Wood,22/03/2018,,,
HKG439,,Nissan AD,9513,Beachlands Stage 5  Keith Greenwood C/- Robert 021908273,service due,,,Open,Quattra,,Dempsey Wood,29/03/2018,,,
HLZ646,,Toyota Fielder,9504,46 Hayfield Way Karaka - Jim Otimi 021946161,Headlight works now and again. Transformer problems according to Auto Sparky (12/04/18),,,Open,Quattra,out standing ,Dempsey Wood Civil,12/01/2018,105,,
HQE345,,Ssangyong,9523,Avanda Tier - Stephen keenan 0211941943,Noise in gearbox - thrust bearing making a noise,,,In progress,Quattra,,Dempsey Wood,22/03/2018,,,
HRF114,,Ssangyong,9513,Beachlands - Kome Pula 021946631,this morning headlights wouldnt work on low beam reported again 19/04/18,,,Open,Quattra,,Dempsey Wood Civil,12/04/2018,,,
HSR40,,Mitsubishi Shogun Truck,TRUCKS,Transport,tailgate not closing properly,,,Open,Quattra,,Dempsey Wood Civil,1/02/2018,85,,Level 2
HSR40,P6500,Mitsubishi Shogun Truck,TRUCKS,Transport,Headlight,,,Open,Quattra,,,6/04/2018,,,
HTN944,,Toyota Corolla,9468,Sunnyheights - Cullum 021736598,Service ASAP. also needs a new headlight,,,Open,Quattra,,,27/04/2018,,,
HTQ948,,Isuzu,,,weld battery,,,Open,Quattra,,,18/04/2018,,,
JBY424,P6499,2006 Holden Rodeo IT Crew,,Nico Prins 021621420,Not starting,,,Open,Quattra,,,6/04/2018,,,
JBY424,P6532,2006 Holden Rodeo IT Crew,,Nico Prins 021621420,LACK OF POWER,,,Open,Quattra,,,19/04/2018,,,
JCC576,,Toyota Fielder,9518,muriwai,service due  & Warrant due Reported again 19/04/18,,,Open,Quattra,,Dempsey Wood,29/03/2018,,,
JCY59,,Mitsibushi Canter,9431,Halls Farm Orewa - Sapphire C/- Cameron 021307200,step to get into drivers side is cracked(Reported again07/02/18),,,In progress,Quattra,Notified Amtoz to get vehicle sent to Smith and Smith or Novus for a repair/replacement,Dempsey Wood Civil,1/02/2018,85,11/02/2018,
JCY59,,Mitsibushi Canter,9431,Halls Farm Orewa - Sapphire C/- Cameron 021307200,shudders out of control when travelling between 70-*100km,,,Open,Quattra,,dem,29/03/2018,,,
JEY605,P6541,Toyota Corrola Fielder,9490,Hayfield - Adam Karena C/- Poi 021 946647,cable for fuel cap release not working,,,Completed,Quattra,WP,Dempsey Wood Civil,6/10/2017,203,17/04/2018,Level 2
JEY605,P6541,Toyota Corrola Fielder,9490,Hayfield - Adam Karena C/- Poi 021 946647,Needs new wiper blades (reported again 12/04/18),,,Completed,Quattra,WP,Dempsey Wood Civil,15/03/2018,,17/04/2018,
JMC128,,Toyota Fielder,9485,Fred Taylor Peter Rose 021908137,Service Due overdue (Reported again 19/04/18),,,Open,Quattra,Waiting on loan car,Dempsey Wood Civil,15/02/2018,71,16/02/2018,
JQQ589,,Mitsubishi Fuso Truck & Trailer,9415,Transport,"02/03 - 186k service due in 3,500kms",,,Open,Quattra,in at quattra ,Dempsey Wood Civil,2/03/2018,56,,
JRC638,,Toyota Fielder,9467,Halls Farm Stage 3 - Sajal 021954312,Needs new wipers - 08/03/18,,,Open,Quattra,Stop mechanic on site (P.G.ROSE),Dempsey Wood Civil,8/02/2018,78,16/02/2018,
JRC638,,Toyota Fielder,9467,Halls Farm Stage 3 - Sajal 021954312,Service due,,,Open,Quattra,,Dempsey Wood,29/03/2018,,,
JRC638,,Toyota Corolla,9467,Halls Farm Stage 3 - Sajal 021954312,LOOSE FAN BELT - screams when cold,,,Open,Quattra,Stop mechanic on site(P.G.ROSE),Dempsey Wood Civil,1/02/2018,85,,Level 3
JSF794,,Toyota Corolla,9526,Murphys - Prem Chand 0211908798,Service Due ,,,Open,Quattra,,Dempsey Wood Civil,19/04/2018,,,
JTQ250,P6535,Toyota,,,WOF due,,,Open,Quattra,,,19/04/2018,,,
JUG427,,Toyota Fielder,9526,Murphys rd - Leslie Kivalu C/- Christian 021946682,Needs new wipers - DANGEROUS ON WET DAYS  - reported again 19/04/18,,,Open,Quattra,,Dempsey Wood Civil,12/04/2018,,,
JUR114,,Toyota Fielder,9518,Muriwai - Phil Sadler C/- Myles 021946645,Interior panel loose,,,Open,DW Fleet Team,,Dempsey wood,19/04/2018,,,
JWY968,,Nissan AD,9515,Scott Rd - Ponsamy C/- Anthony 021715094,Service due,,,Open,Quattra,,Dempsey wood,19/04/2018,,,
JWY969,,Toyota Corolla,9468,Sunny Heights Development -Karl Paris C/- Cameron 021307200,Need new wipers - reported again27/04/18,,,Open,Quattra,,Dempsey Wood,29/03/2018,,,
JYK900,,"
Toyota Toyoace 2T Dump Tr",9520,Bremner Rd - Evan Keenan C.- James 021946612,Service due reported again 27/04/18,,,Open,Quattra,,dempsey woodc,19/04/2018,,,
JYK900,,"
Toyota Toyoace 2T Dump Tr",9520,Bremner Rd - Evan Keenan C.- James 021946612,Air con not working,,,Open,Quattra,,dempsey woodc,19/04/2018,,,
KAC951,,Water Truck,9498,Whenuapai Stage 4 - Faletao 0211940979,Service Due27/04/18,,,Open,Quattra,,Dempsey Wood Civil,26/02/2018,60,,
KAC951,,Water Truck,9498,Whenuapai Stage 4 - Faletao 0211940979,Indicator Light damaged left hand side (Reported again 12/04/18,,,Open,Quattra,,dempsey Wood Civil,15/03/2018,,,
KAJ838,,Nissan AD,9522,Buckley - Kaufusitu C/- Mohammed 021704952,Service due - engine making a noise,,,Open,Quattra,,Dempsey Wood,29/03/2018,,,
KAJ838,,Nissan AD,9522,Buckley - Kaufusitu C/- Mohammed 021704952,brakes making funny noise,,,Open,Quattra,,Dempsey Wood,12/04/2018,,,
KAP636,,Nissan,9468,Sunnyheights - Ronal C/- Cameron 021307200,Service Due (Driver Ronal Raj) reported again 27/04/18,,,Open,Quattra,,Dempsey Wood Civil,8/03/2018,50,,
KAT40,,Nissan AD,9200,Yard,Car window winder broken. L/F and L/B. Need new clip,,,Open,Quattra,,Dempseywood,16/04/2018,,,
KBG100,,Mitsubishi Triton,9515,Scott Rd Kris - 021707932,Needs new wipers,,,Open,Quattra,,Dempsey Wood Civil,,,,
KBG101,P6540,Mitsubishi triton,9490,Bremner Rd Poi - 021946647,Noisy belt in the mornings (Reported again 27/04/18),,,Completed,Quattra,Under Warrenty agents to sort out,Dempsey Wood Civil,26/02/2018,60,17/04/2018,
KBG98,,Mitsubishi Triton,9487,73 Nobilo Road - ,dent back passengers side,,,Open,DW Fleet Team,,Dempsey Wood Civil,23/06/2017,308,,Level 1
KCN609,,Isuzu Elf,9526,Murphys Rd Stage 2-6 - Jose matthew 021460591,control for Air con broken(Reported again 08/03/18,,,Open,Quattra,its just a missing knob(P.G.ROSE),Dempsey Wood Civil,23/11/2017,155,,Level 1
KCN609,P6515,Isuzu Elf,9526,Murphys Rd Stage 2-6 - Jose matthew 021460591,COF,,,Open,Quattra,,Dempsey Wood Civil,12/04/2018,15,,Level 1
KCY528,P6520,Hino,,,COF,,,Open,Quattra,,,13/04/2018,,,
KQC890,,Nissan AD,9524,The Landings Busby C/- DJay 021901085,Noisey brakes,,,Open,Quattra,,Dempsey Wood,15/03/2018,,,
KQC890,,Nissan AD,9524,The Landings Busby C/- DJay 021901085,Central locking not working,,,Open,Quattra,,Dempsey Wood,15/03/2018,,,
KDE479,,Nissan AD,9526,Murphys Rd Stage 2-6 - Jose matthew 021460591,Service Due Reported again 2704.18,,,Open,DW Fleet Team,,Dempsey Wood Civil,8/03/2018,50,,
KDE479,,Nissan AD,9526,Murphys Rd Stage 2-6 - Jose matthew 021460591,Wipers need replacing,,,Open,Quattra,Stop mechanic on site(P.G.ROSE),Dempsey Wood Civil,15/02/2018,71,16/02/2018,Level 1
KEA989,,Nissan AD,9467,Halls Farm Stage 3 - Peter Donkin C/- Richard 0211950755,service due (over by 2828ks - 15/02/18,,,Open,Quattra,,Dempsey Wood Civil,12/01/2018,105,,Level 3
KEN586,,Nissan Ad,9513,Beachlands Stage 5 Sam Singh C/- Robert 021908273,Service Due reported again 19.04.18,,,Open,Quattra,,dempsey wood,15/03/2018,,,
KEN586,P6516,Nissan Ad,9513,Beachlands Stage 5 Sam Singh C/- Robert 021908273,Needs new wipers reported again 19.04.18,,,Completed,Quattra,WP,Dempsey wood,29/03/2018,,10/04/2018,
KFM449,,Mazda MPV,9462,46 Belmont Road Daley 021952565,drivers side window cant be fully closed - electrical issue,,,Open,Quattra,,Dempsey Wood Civil,11/12/2017,137,,Level 4
KGS6,,Toyota Corolla,9468,Sunny Heights Development - Aaron 0211942049,transmission needs service)(Reported again 12/04/18),,,Open,Quattra,,Dempsey Wood Civil,22/01/2018,95,,Level 3
KGS6,,Toyota Corolla,9468,Sunny Heights Development - Aaron 0211942049,Service due reported again 27/04/18,,,Open,Quattra,,Dempsey Wood Civil,19/04/2018,8,,Level 3
KKE727,P6529,Nissan,,,SERVICE,,,Open,Quattra,,,17/04/2018,,,
KLU956,,Nissan AD,9524,The Landings  Rafael - C/- DJay 021901085,Aerial missing,,,Open,Quattra,,Dempsey Wood,29/03/2018,,,
KLU956,,Nissan AD,9524,The Landings  Rafael - C/- DJay 021901085,Brake pads front low need checking reported by VTNZ at WOF,,,Open,Quattra,,Dempsey Wood,29/03/2018,,,
KNF964,,Toyota Fielder,9524,The Landings - Patrick Ruka 021513324,WOF due,,,Open,Quattra,,dempsey wood,19/04/2018,,,
KPF975,,Nissan AD,9468,Sunnyheights - Mitchell Benson 0211935630,Due for service - reported again 27/04/3/18,,,Open,Quattra,,Dempsey Wood,22/03/2018,,,
KQC889,,Toyota Corolla,,Office,Clunking noise emanating from front right suspension - Andrew will bring it to quattra for diagnosis in the next few days,,,Open,Quattra,,Dempsey Wood,5/04/2018,,,
KQC890,,Nissan Ad Stationwagon,9526,Murphys Rd Stage 2-6 - Busby C/- DJay 021901085,Central locking not working 19/04/18,,,Open,Quattra,,Dempsey Wood Civil,1/03/2018,57,,
KQC890,,Nissan Ad Stationwagon,9526,Murphys Rd Stage 2-6 - Busby C/- DJay 021901085,warning light staying on for door open 08/03/18,,,Open,Quattra,,Dempsey Wood Civil,1/02/2018,85,,Level 1
KQC890,,Nissan Ad Stationwagon,9526,Murphys Rd Stage 2-6 - Busby C/- DJay 021901085,service due)( Reported again 12/04/18,,,Open,Quattra,,Dempsey Wood Civil,12/01/2018,105,,Level 2
KQQ748,,Mitsubishi Euro,Trucks,Transport,air leak somewhere,,,Completed,Quattra,C.O.F. 19/02/18,Dempsey Wood Civil,2/02/2018,84,17/02/2018,
KRA6,,Toyota Fielder,9482,Helensville Jan 021751460,Service overdue  Reported again 22/03/18,,,Open,Quattra,Waiting Loan Car,Dempsey Wood Civil,16/02/2018,70,,Level 2
KRH870,,Toyota Fielder,,H&S - Aishling 021517594,service due overdue by 1405ks -reported again 27/04/18,,,Open,Quattra,Waiting on loan car,Dempsey Wood Civil,22/01/2018,95,28/03/2018,Level 2
KSB693,,Nissan AD Wagon,9513,Beachlands - Nikhil 0211955884,Due for servicereported again 29/03/18,,,Open,Quattra,,Dempsey Wood,22/03/2018,,,
KSP312,P6522,Toyota,,,Not starting,,,Open,Quattra,,,14/04/2018,,,
KTQ845,,nissan AD,9515,Scott Road Roland Peapell  C/t Anthony 021715094,Service Due (Roland) (Reported again 19/04/18),,,Open,Quattra,,Dempsey Wood,22/03/2018,,,
KUS653,,Toyota Fielder,9485,FREd Taylor - Noel 0211940781,Service due (Reported again 27/04/18),,,Open,Quattra,,Dempsey Wood,29/03/2018,,,
l02,A5851,Hitachi LX30 S/N,9513,Beachlands,Water leak,,,Completed,Quattra,,,13/04/2018,,19/04/2018,
L02,A5981,Hitachi LX30 S/N,9513,Beachlands,Service Due,,,Open,Quattra,,Dempsey wood,19/04/2018,,,
L04,A5746,Komatsu WA70 S/N,9504,Hayfield,Controls,,,Open,Quattra,,,4/04/2018,,,
L04,A5746,Komatsu WA70 S/N,9504,Hayfield,head lights dont work,,,Open,Quattra,,,27/04/2018,,,
L05,,Cat910G Loader,9482,Helensville,Needs Tyres,,,Open,DW Fleet Team,,Dempsey Wood,5/04/2018,,,
L05,A5837,Cat910G Loader,9482,Helensville,SERVICE DUE,,,Completed,Quattra,,DEMPSEY WOOD,11/04/2018,,16/04/2018,
L06,,Hitachi Lx40 Loader,9516,Donegal Glen Stage 10A,No glass on left hand door,,,In progress,DW Fleet Team,Glass on order from Japan should be here next week,Dempsey Wood Civil,15/02/2018,71,5/04/2018,Level 3
L06,,Hitachi Lx40 Loader,9516,Donegal Glen Stage 10A,Horn not working,,,Open,Quattra,16/04/2018 sparky Mark,Dempsey Wood,22/03/2018,,,
L06,,Hitachi Lx40 Loader,9516,Donegal Glen Stage 10A,lights dont work,,,Open,Quattra,,Dempsey Wood,27/04/2018,,,
L06,,Hitachi Lx40 Loader,9516,Donegal Glen Stage 10A,service due,,,Open,Quattra,,Dempsey Wood,27/04/2018,,,
L07,,Hitachi Lx40 Loader,9523,Avanda Tier,No Lights,,,Open,Quattra,,Dempsey Wood,19/04/2018,,,
L07,,Hitachi Lx40 Loader,9523,Avanda Tier,Right side mirror is broken,,,Open,Quattra,,dempsey wood,19/04/2018,,,
L10,,Yanmar Loader,9522,Buckley B ,Right foot step damaged,,,Open,Quattra,,Dempsey wood,27/04/2018,,,
L10,,Yanmar Loader,9522,Buckley B ,Horn not working,,,Open,Quattra,,Dempsey wood,27/04/2018,,,
LAN461,,Toyota Corolla,9518,Muriwai Rd - Maia Scott 021486611,Small noise from belt,,,Open,Quattra,,Dempsey Wood,29/03/2018,,,
LAN477,,Nissan AD,9468,Sunnyheights - Lisa Robertson C/- Cameron 021307200,Brakes squeak and shudder under heavy braking Reported again 07/04/18,,,Open,Quattra,,dempsey Wood Civil,16/02/2018,70,,Level 4
LAN477,,Nissan AD,9468,Sunnyheights - Lisa Robertson C/- Cameron 021307200,Wiper blades need replacing,,,Open,Quattra,,dempsey Wood Civil,19/04/2018,8,,Level 4
LCD660,,Mazda Familia,9468,Sunnyheights - Dennis C/- Cameron 021307200,May need new brake pads reported again 12/04/18,,,Open,Quattra,,Dempsey Wood Civil,1/03/2018,57,,
LDK206,,Toyota Fielder,9516,Donegal Glen Stage 10A,no Service due sticker,,,Open,Quattra,,Dempsey Wood Civil,1/03/2018,57,,
LEK148,,Toyota Corolla,Yard,,needs a service,,,Open,Quattra,,Dempsey Wood Civil,26/02/2018,60,,
MT31 ,A5804,Moxy MT31 6x6 dumper    ,,,GPS,,,Open,Quattra,,,11/04/2018,,,
MT31A,A5953,Moxy MT31 6X6 Dumper   Adam,9468,Sunnyhieghts,Noise from Diff,,,Open,Ash,,,24/04/2018,,,
MT31J,,Moxy MT31 6X6 Dumper   Jemima,9515,Scott Road,windshield cracked,,,Open,DW Fleet Team,Vikki ,Dempsey Wood Civil,2/11/2017,176,,Level 3
MT31J,,Moxy ADT 6 X6,9515,Scott Rd,Reversing mirror on left hand side damaged,,,Open,Quattra,,Dempsey Wood Civil,12/04/2018,,,
MT31J,A5870,Moxy ADT 6 X6,9515,Scott Rd,service due,,,Completed,Quattra,,Dempsey Wood Civil,12/04/2018,,19/04/2018,
MT31M,,Moxy MT31 6x6 Dumper    Manu,9516,Donegal,Steering warning light ,,,Completed,Quattra,machine has been tagged out until further notice,dempsey Wood Civil,15/02/2018,71,,
MT31M,A5798,Moxy MT31 6x6 Dumper    Manu,9516,Donegal,no service sticker,,,Completed,Quattra,ECU fualty Mimico to repair ECU will have it back,Dempsey Wood Civil,29/03/2018,,11/04/2018,
MT31M,A5771,Moxy MT31 6x6 Dumper    Manu,9516,Donegal,clip missing on fuse cover,,,Completed,Quattra,ECU faulty Mimico trying to fix old ECU and souresing new ECU19/04/2018,Dempsey Wood Civil,29/03/2018,,,
MT31M,A5771,Moxy MT31 6x6 Dumper    Manu,9516,Donegal,burning smell ,,,Completed,Quattra,10/04/18 - willy notified - down since Monday. Swifty looking at electrical fault. 10/04/18 - Willy notified swifty had no luck. Agents booked to have a look. Update to follow,Dempsey Wood Civil,29/03/2018,,,
MT31M,A5798,Moxy MT31 6x6 Dumper    Manu,9516,Donegal,service due,,,Completed,Quattra,,Dempsey Wood Civil,5/04/2018,,11/04/2018,
MT31M,,Moxy MT31 6x6 Dumper    Manu,9516,Donegal,exhaust needs welding,,,Open,Quattra,,Dempsey Wood Civil,5/04/2018,,,
MT31M,A5771,Moxy MT31 6x6 Dumper    Manu,9516,Donegal,Nil start,,,Open,Swifty,,,9/04/2018,,,
MT31RJ,,Moxy MT31 6x6 Dumper Regan Joy,9515,Scott Road,Service Due,,,Open,Quattra,,Dempsey Wood Civil,27/04/2018,,,
PC13,A5963,Honda,,,Service ,,,Open,Quattra,,,24/04/,,,
PC16,A5729,Plate Compactor,9514,Richmond Stage 6,Service due,,,Completed,Quattra,,Dempsey Wood Civil,8/03/2018,50,3/04/2018,
PC22,A5855,MVC-F60R Plate Compactor,9519,Bremner,Test and tag expired,,,Completed,Quattra,,dempsey Wood Civil,19/04/2018,,13/04/2018,
PC22,A5855,MVC-F60R Plate Compactor,9519,Bremner,service due,,,Completed,Quattra,,dempsey Wood Civil,12/04/2018,,13/04/2018,
PC27,,Subaru,,,Service Due,,,Open,Quattra,,,21/04/2018,,,
PC30,A5960,Honda,,,Service due,,,Open,Quattra,,,24/04/2018,,,
PC40,A5914,Honda,,,Service,,,Open,Quattra,,,21/04/2018,,,
pc46,A5854,Alto Trench Compactor,9519,Bremner,Fuel Cap,,,Open,Quattra,,,13/04/2018,,,
pc41,A5921,LG300 Hatz El 3 - BFG0345,,,Service,,,Open,Quattra,,,21/04/2018,,,
pc44,A5966,Honda,,,Service,,,Open,Quattra,,,24/04/2018,,,
PC46,A5961,Belle,,,Service,,,Open,Quattra,,,24/04/2018,,,
PC49,A5959,Honda,,,Service,,,Open,Quattra,,,24/04/2018,,,
PC55,A5732,Belle,,,Service,,,Open,Quattra,,,4/04/2018,,,
PC56,,Belle Plate Compactor,9519,Bremner Rd,Service,,,Open,Quattra,,,19/04/2018,,,
,A5915,Submersible pump,,,Repairs,,,Open,Quattra,,,21/04/2018,,,
R03,A5755,Kawasaki Roller,Maint,Neil park drive,Drive Gear/diesel pump/hydrauic leaks,,,Open,Quattra,,,5/04/2018,,,
R04,A5831,Sakai,9485,Fred taylor ,Nil Start,,,Open,Quattra,,,23/04/2018,,,
R04,A5831,Sakai,9485,Fred taylor ,Beacon,,,Open,Quattra,,,12/04/2018,,,
R04,A5831,Sakai,9485,Fred taylor ,Left wing mirror broken,,,Open,Quattra,,,12/04/2018,,,
R06,,1992 Sakai SW70 S/N,9523,aVAnda Tier,hour meter/fuel gauge and tachometer dont work,,,,,,,,,,
R09,A5930,Sakai,,,No start,,,Open,Quattra,,,23/04/2018,,,
R09,A5969,Sakai,,,JUMP START,,,Open,Quattra,,,24/04/2018,,,
R11,A5828,2010 Sakai SW502-1 S/N,9522,BUCKLEY B STAGE 3,Left and right indicators not working,,,Completed,Quattra,12/04/2018 sparky,dempsey Wood Civil,12/04/2018,,12/04/2018,
R11,A5828,2010 Sakai SW502-1 S/N,9522,BUCKLEY B STAGE 3,hazard light not working,,,Completed,Quattra,12/04/2018 sparky,dempsey Wood Civil,12/04/2018,,12/04/2018,
R11,A5828,2010 Sakai SW502-1 S/N,9522,BUCKLEY B STAGE 3,Service due,,,Open,Quattra,,dempsey Wood Civil,27/04/2018,,,
R12,,Sakai SW502-1 R12,9519,Bremner Rd,Service due,,,Open,Quattra,,dempsey Wood Civil,19/04/2018,,,
R12,,Sakai SW502-1 R12,9519,Bremner Rd,Mirror broken,,,Open,Quattra,,dempsey Wood Civil,27/04/2018,,,
R12,,Sakai SW502-1 R12,9519,Bremner Rd,No Horn,,,Open,Quattra,,dempsey Wood Civil,27/04/2018,,,
R15,A5835,CC2200 Dynapac Roller wit,9523,Avanda Tier,Radiator reservoiur tank leaking,,5/05/2018,Completed,Quattra,"Hydraulic leak, site will inform Quattra when machine is available to fix.",dempsey Wood Civil,12/04/2018,,23/04/2018,
SC1,A5792,,,,Build scraper,,,Open,Quattra,Weld GPS support on scraper 9/4/18,,9/04/2018,,23/04/2018,
SUB PUMP,A5849,,,,Not turning,,,Closed,Quattra,,,13/04/2018,,24/04/2018,
SUB PUMP,A5954,,,,Not turning,,,Open,Quattra,,,23/04/2018,,24/04/2018,
T01,A5754,Tractor Fiat,9468,Sunnyheights,Ignition playing up ocassionaly,,,Completed,Quattra,,Dempsey Wood ,29/03/2018,,12/04/2018,
T01,A5754,Tractor Fiat,9468,Sunnyheights,Major oil leak on front right wheel. ,,,Completed,Quattra,Spoke to Willy who advised looking for seals - wont be ready until next Thursday 12/04/18 VB,Dempsey Wood Civil,5/04/2018,,12/04/2018,
T03,,Fiat 70/66 tractor,9468,Sunnyheights,4wd lever is broken,,,Open,Quattra,,Dempsey Wood Civil,19/04/2018,,,
T03,A5949,Fiat 70/66 tractor,9468,Sunnyheights,Heights rear diff are leaking oil need it back in the yard for repair,,,Open,Quattra,Repair will take between 4 to 7 working days depending on part availability,,24/04/2018,,,
T03,A5986,Fiat 70/66 tractor,9468,Sunnyheights,Leaks,,,Open,Quattra,,,27/04/2018,,,
T05/HD01,A5944,Claas Tractor,,,Hydraulic,,,Open,Quattra,,,23/04/2018,,,
T07,A5830,2014 Kioti NX5010 Cab Tra,9522,Buckley,gps,,,Open,Quattra,,,12/04/2018,,,
T08,,John Deere 8400,9431,Halls Farm Orewa,seal on doors coming off)(Reported again 29/03/18,,,Open,Quattra,7/3/18 outstanding (P.G.ROSE),Dempsey Wood Civil,22/01/2018,95,,
T08,a5856,John Deere 8400,9431,Halls Farm Orewa,weights are broken off the front(Reported again0 29/03/18,,,Open,Quattra,7/3/18 outstanding (P.G.ROSE),Dempsey Wood Civil,27/11/2017,151,,
T08,A5789,John Deere 8400,9431,Halls Farm Orewa,back wiper missing,,,Completed,Quattra,08/04/2018 sparky,Dempsey Wood Civil,29/03/2018,,9/04/2018,
T09,,John Deere 8400,9509,Bremner Rd,Broken light - top left light,,,Open,Quattra,12/04/2018 sparky,Dempsey Wood Civil,26/02/2018,60,,
t09,A5853,John Deere 8400,9509,bremner Rd,Not starting,,,Open,Quattra,,,13/04/2018,,,
T10,,John Deere,9516,Donegal Glen,no weight on the front,,,Open,DW Fleet Team,,Dempsey Wood Civil,26/02/2018,60,,
TE01,A3034,Wheeled Generator,,,Service due,,,Completed,,,Dempsey Wood Civil,23/11/2017,155,,
Wp02,A5917,Honda water pump,,,Service due,,,Open,DW Fleet Team,,,21/04/2018,,,
WP22,A5964,2006 Selwood D150WP,9485,Fred taylor,Service,,,Open,Quattra,,,19/04/2018,,,
WP32,A5728,Honda WX10 1 Water Pump,9519,Bremner,Service,,,Open,Quattra,,,4/04/2018,,,
WP39,,Water pump,9468,Sunnyhieghts,Service,,,Open,Quattra,,,19/04/2018,,,
WP40,A5848,Yanmar Fire Boss 801 3 P,,,No start,,,Completed,Quattra,,,13/04/2018,,19/04/2018,
WP44,A5962,Honda,,,Service,,,Open,Quattra,,,24/04/2018,,,
WP50,A5920,Honda,,,Service,,,Open,Quattra,,,21/04/2018,,,
WP59,A5957,Honda,,,SERVICE,,,Open,Quattra,,,24/04/2018,,,
WP62,A5918,Honda,,,No Start,,,Open,Quattra,,,21/04/2018,,,
WP68,A5847,Honda Vibetech GX160 Wate,9485,Fred Taylor,Coupling,,,Completed,Quattra,,,13/04/2018,,19/04/2018,
GYN719,,2013 MItsubishi triton,9531,Murphys Rd,Service Due,,,Open,Quattra,,,27/04/2018,,,
D09,,Komatsu D65 - 6 way blade-GPS,9518,Muriwai,Service Due ,,,Open,Quattra,,,27/04/2018,,,
D09,,Komatsu D65 - 6 way blade-GPS,9518,Muriwai,Air con not working,,,Open,Quattra,,,27/04/2018,,,
Blower,A5941,,,,Build  ,,,Open,Quattra,,,19/04/2018,,,
YB5925,P6523,Mitsibuishi,,,COF,,,Open,Quattra,,,14-Apr,,,
Z841M,P6537,TRAILER,,,GPS,,,Open,Quattra,,,20-Apr,,,
,,,,,,,,,,,,,,,
,,,,,,,,,,,,,,,
,,,,,,,,,,,,,,,
,,,,,,,,,,,,,,,
,,,,,,,,,,,,,,,
,,,,,,,,,,,,,,,
,,,,,,,,,,,,,,,
,,,,,,,,,,,,,,,
,,,,,,,,,,,,,,,
,,,,,,,,,,,,,,,
,,,,,,,,,,,,,,,
,,,,,,,,,,,,,,,
,,,,,,,,,,,,,,,
,,,,,,,,,,,,,,,
,,,,,,,,,,,,,,,
,,,,,,,,,,,,,,,
,,,,,,,,,,,,,,,
,,,,,,,,,,,,,,,
,,,,,,,,,,,,,,,
,,,,,,,,,,,,,,,
,,,,,,,,,,,,,,,
,,,,,,,,,,,,,,,
,,,,,,,,,,,,,,,
,,,,,,,,,,,,,,,
,,,,,,,,Open,Quattra,,,,,,
,A5770,Container Weld,9485,,Container Weld,,,Closed,Quattra,INV.I55639,,9/04/2018,,,
,A5772,Container Weld,9467,,Weld,,,Closed,Quattra,INV.I55621,,9/04/2018,,,
,A5776,Holdup stand bucket,,,,,,Open,Quattra,,,9/04/2018,,,
,A5859,,,,Repair container,,,Completed,Quattra,,,16/04/2018,,23/04/2018,
,A5877,,,,Connect bully & Scoop,,,Open,Quattra,,,18/04/2018,,,
,P6506,Trailer,,,air leak,,,Open,Quattra,,,10/04/2018,,,
